,dmq_cope_2,dmq_cope_4,geschlecht_kod_male,dmq_cope_1,dmq_cope_5,upps_ss_2,dmq_cope_3,upps_ss_4,upps_ur_5,upps_ur_2,upps_ss_3,upps_pe_5,ffmq_ob3,ffmq_ob2,ffmq_ob1,ffmq_nr2,upps_pm_2,ffmq_ds1,ffmq_ob4,upps_pm_1,upps_pe_1,upps_ss_5,upps_pm_4,ffmq_nj3,upps_pm_3,upps_pm_5,ffmq_aa3,ffmq_ds2,upps_ur_1,ffmq_nj4,ffmq_aa2,ffmq_ds4,upps_ur_4,upps_pe_4,ffmq_nj1,ffmq_nr4,ffmq_nr6,upps_ur_3,upps_pe_3,ffmq_nr7,erwerbstaetig_sub,ffmq_nr3,ffmq_nr5,ffmq_ds3,ffmq_nj2,ffmq_aa1,upps_ss_1,ffmq_nr1,ffmq_aa4,upps_pe_2,Data
0,0.780282459355247,0.5956676778663527,0.40907600991495996,0.4414396114234952,0.19369562925699554,0.2866939663411526,0.12795960706382872,0.152552613705596,0.0821611781428013,0.1397145086933196,0.07526736710125309,0.03928280296513232,0.06225541773488023,0.05043210683812757,0.03247358524422394,0.050946794405540966,0.03975692088902053,0.060386284266552875,0.03862601628556233,0.033574435163858066,0.03323742189730809,0.03823379753896682,0.04974106271247895,0.02793375185747506,0.020067877450911258,0.028351972360418153,0.020302022793058004,0.03400011841736901,0.026978326570438374,0.012147482636125067,0.02468772723784637,0.013519693984812056,0.020388224598832504,0.015810100039808907,0.026515137031833735,0.02857252540887454,0.021158827869020076,0.03570531829361776,0.026379622580667964,0.010276981637961742,0.020678797323682576,0.008347174197183263,0.012656472403064946,0.023962497696830523,0.01082966498773158,0.012350160857165872,0.01986156862973413,0.011217340650330976,0.011947856955653544,0.00901291567872824,original
1,0.7050104010663517,0.5113650039618883,0.4408272427575268,0.32467154764009387,0.16315618494543535,0.2694996197375774,0.12791995435988357,0.22246954896061563,0.20476731653272828,0.15379095840285273,0.16396031709007566,0.06509057274117609,0.044902813835854344,0.04613641448756558,0.04149901252723483,0.03766894141575712,0.06702012180508157,0.03851458601171734,0.05287197344458616,0.040119705913343795,0.04870135864321475,0.03934404587029669,0.028836268341897675,0.02127290912056564,0.03578487189156956,0.02914179677331331,0.04552442650417685,0.021047291199445754,0.026715526125995613,0.025308476153568585,0.020721853496940144,0.02840731447079627,0.03073611090857662,0.02699844951294729,0.029360573462061165,0.012511233734447331,0.020931319021567973,0.022101665453157438,0.027866660142171387,0.02447997172463414,0.013612880219646349,0.02174020902745724,0.027155715735798367,0.014845004643580262,0.021989851409005633,0.018782251906614023,0.021092131072560735,0.011190759683411964,0.008914853772963766,0.012479956348514733,original
2,0.8157377464097507,0.4499281322770175,0.5432464353580201,0.31131351471118873,0.40520538759446895,0.15958011456565305,0.1677745174781213,0.1735412743023238,0.08955046904181076,0.11915097299595576,0.1600142772361677,0.0766160193176282,0.07565052035842568,0.06606478050760857,0.077591979577494,0.08874203706783362,0.07753974916683298,0.04153266382881848,0.07244478934002188,0.044631657758733824,0.030237515562503262,0.028974688270645227,0.036344785015219365,0.05237629565475412,0.03075995900631507,0.03169221704499992,0.035749737062840216,0.034782223722975875,0.03205981975651045,0.024256628881024388,0.03283690188136776,0.029174229101500117,0.02511763629398366,0.0192988577469477,0.03452155897417596,0.02886101495233779,0.02472676804442811,0.021060968649251353,0.048453889075234645,0.022667866214031596,0.019852429335759956,0.02217708840124698,0.027333203126258487,0.018921935423472938,0.01942955186196139,0.023005372114888237,0.015576629264354833,0.016399471679839617,0.013951561277330089,0.014892263173936377,original
3,0.7716879262270377,0.5451805460435203,0.46090252901672785,0.28350566458816756,0.278550119762911,0.20642660394002224,0.2296473152212795,0.1554259821299201,0.14948163505927015,0.12615388819785595,0.12399421627003708,0.1013647869737855,0.04753801902070612,0.05650178013391212,0.05047594388081425,0.046601498638744666,0.08625901291099274,0.05754248233919901,0.054448479646425935,0.042313839527117654,0.039922090413476434,0.04700718194262816,0.04146244100734855,0.0322092059975509,0.04163823152682796,0.05423167377772068,0.03399872967152349,0.03447540811221505,0.027894074519259137,0.03129214597957716,0.036266622622709604,0.04415386638178319,0.027107540627066516,0.02454123078021681,0.03639842739713557,0.019943790050204243,0.03558206244324864,0.04488023941969541,0.06430578990048821,0.03215851691010952,0.022956130931660285,0.02060609663916748,0.02321540390155975,0.028503957191797383,0.019057985302569063,0.021372936898736827,0.03115788922760952,0.01626795701626593,0.024045035545124528,0.020733594757496223,original
4,0.8086132143989153,0.4994615726334511,0.36633315457895654,0.3919668655204842,0.260796238408833,0.16609817133511784,0.2241016247561489,0.22091738515411685,0.12856916724469536,0.11104972778432823,0.059061926728872276,0.06808175222516617,0.01988001316809286,0.04414482978120653,0.040147884763360134,0.04201182937593386,0.03059210101932795,0.025258472599798368,0.01739321527482296,0.01253587409788777,0.024720627845818518,0.019201974503416167,0.05086151248835533,0.015350202635996027,0.015685889922476316,0.007378390998283412,0.025396403807256166,0.009299871184595437,0.020996832176903,0.01399646536979624,0.03309523935751183,0.012030326279958078,0.00864106761742318,0.028587427179250547,0.010756293552500662,0.010983068525773233,0.011659638100826477,0.00686397568961497,0.04531219475835645,0.011809067985843531,0.021095326480355895,0.011483887792194596,0.012726510692945794,0.01056895595570694,0.01212286656888705,0.020529086447485384,0.007236554500564279,0.007930389852966936,0.0075404843668609636,0.00549857485847088,original
5,0.6570526933661437,0.5478949663727968,0.5438112045398573,0.39908672478742835,0.26004471849863237,0.23238556292463916,0.22062937299546892,0.19621591091905224,0.09948370613361662,0.11885836454283578,0.1363380656894633,0.15937674200317992,0.06748809960987176,0.07243704879131316,0.06835691616109806,0.10160743911793171,0.05549683633752888,0.051014797513032686,0.09495133972265013,0.06865938623073838,0.033903742280908686,0.038370446766733936,0.044991377991152166,0.041299918755019156,0.03096764859508556,0.0501837115299262,0.0424406313231344,0.0351771246479199,0.04641806051985443,0.026874018004239563,0.025735083276905896,0.027266979457558436,0.037771345957099356,0.038535816537018035,0.020707352517235367,0.026906845162033403,0.049116883828491734,0.05159383366946222,0.02894106747093119,0.053521121504305776,0.027843556655560833,0.022264377983849414,0.022043269323190923,0.02342240465592975,0.023075682725238383,0.02018922448723984,0.02620148657357611,0.02697487267456679,0.01405151246161498,0.017765145890098966,original
6,1.0979409825471937,0.4332988552779916,0.414151701095359,0.3357724471978932,0.12642953711696997,0.2634398163034914,0.1971719744591276,0.23273942970875303,0.10572362984552874,0.12544094472681006,0.13724114739159105,0.0327730920366575,0.06955147524305169,0.06981247625436246,0.0504248013839574,0.06031860124493946,0.0713656378965785,0.06309266141850375,0.02300032053363118,0.02556966353728045,0.04284473848905665,0.06370264836501974,0.021463906620027663,0.0218269238398217,0.021619253256148944,0.019644967392889557,0.025165438514260244,0.019529503078307794,0.017582899684853895,0.04441740474486422,0.01753740526932351,0.017770625064205917,0.017631630844410398,0.03884033352795531,0.02548597649410266,0.020904938456328192,0.022357526256630282,0.02724567801811468,0.015519439545198955,0.013365531035799467,0.014612502225151374,0.022747981068999078,0.009083356199190828,0.020745249558588256,0.018139005054086627,0.015234597529558712,0.01380568599778356,0.019952710670325627,0.01869359140066807,0.014278235437578833,original
7,0.6576426200546345,0.8228587616292435,0.6416170322163275,0.3828521630367792,0.24111087917225674,0.16006946210110243,0.18200851104785531,0.08463839934289986,0.08502004867135764,0.10836893803062103,0.09676691022916678,0.04224467518807896,0.03827022182449094,0.037828350802174324,0.022253444397174645,0.029869716577511394,0.048964371199880376,0.0345764477289052,0.02036501631732571,0.02200089001461546,0.013384439825354193,0.021831319698962716,0.015434331847255121,0.01824558479127828,0.04912982290328917,0.01916027090030954,0.03496902077265801,0.0073842096057384074,0.009597701216871531,0.010186117207154717,0.013880353089890489,0.010637848907113136,0.0195468654710481,0.007269967301843142,0.01509051681990568,0.022077825083404518,0.007096765709903006,0.02112449315211986,0.013982625422985218,0.011997314088477968,0.014790168128995237,0.0070057653762141195,0.007366143370424135,0.006699848384219958,0.004510105593721537,0.01243673323667056,0.008147471846638377,0.01618209812669797,0.009598690928280564,0.004986248840281076,original
8,0.890091353844303,0.6344748003719316,0.32563238063845046,0.313982115785517,0.07982618280718415,0.2379489185329038,0.2647786762177603,0.18565801570394036,0.12823026397930434,0.21365861333785674,0.08917307905567488,0.11052830473019615,0.0528973478366785,0.061978746430828,0.055603527535381184,0.054222047180478884,0.09803185431748203,0.06354209148315401,0.032098434364999484,0.05762908373137037,0.03700835619292187,0.04971325551384204,0.03488904658562126,0.080726745053032,0.02614377256184005,0.05007134859602457,0.027045658647932222,0.028629741340371644,0.03792635319471243,0.04042198709833091,0.04002150695735912,0.04810138304669631,0.02567939583357634,0.035564459155180764,0.046858099743744115,0.031327591813590655,0.037773788973567625,0.024306875071249373,0.032218216797131424,0.024019071776496682,0.03782971729077549,0.030697783154333694,0.0206962874714162,0.026517093290491525,0.022820303153674427,0.025460685262136174,0.02989009128836957,0.02219610366068335,0.017458528601814474,0.018013625618972563,original
9,0.8295506058555674,0.4890570704418426,0.18667675755495516,0.16412024279420012,0.16764826792257903,0.21033115123653798,0.2545866833168579,0.081458227363281,0.06907520734695388,0.02223296846687802,0.08162436120159511,0.016168576128873704,0.041354334592242664,0.038843903939211805,0.003982032955205668,0.008304446695177421,0.016672492777640643,0.01762528622275562,0.0059497846578359355,0.006645899384053427,0.01548788619315549,0.020583080960628903,0.01777223180451054,0.00827559946231413,0.011667053686616835,0.006857422769018875,0.0051123756301833835,0.0015209452066480761,0.004290337924637744,0.002717537450917577,0.005051619459489908,0.0008627243453033176,0.003040834307549845,0.0033436040146742453,0.013826526651123206,0.004501621288269742,0.0016990687528157479,0.0008484251205096399,0.004384374192254569,0.0011985767701051656,0.0018635998710759246,0.0005390298037676336,0.0015772101382389287,0.0008671247016697498,0.0016765991816666964,0.002098735403049528,0.0013226695534958443,0.0013546719971101243,0.001507046079660801,0.0015537361768503794,original
10,0.8081501758209869,0.42885123432328,0.682268764213498,0.4063702712447305,0.31347885571508877,0.1369268752917678,0.22472118692332493,0.12279774899835791,0.14936958152543287,0.09664684350402647,0.07983954228418384,0.06699885347108693,0.040921507285183525,0.04532505091029438,0.08522577262580182,0.05802217394569058,0.024730085707668104,0.02514037271575461,0.0362065401471605,0.028197701810820545,0.027506416740972952,0.031363105308140245,0.015769642725683698,0.08027554674477898,0.0069466115221080305,0.02401029588284022,0.043978744462401506,0.030894704464630447,0.012942917059021362,0.03472118392577852,0.01973561102565048,0.02206266648183426,0.02043372940503533,0.017025312388724602,0.028930526648575476,0.014308703286378425,0.0403703801350954,0.03172982341273231,0.015006694859234906,0.055523674494386374,0.017635254871642955,0.027547009402963746,0.010949500852037013,0.014333309402530742,0.016995356366473802,0.01804019095619383,0.012701182778514768,0.010259855983177604,0.0104313638347012,0.009891865111139217,original
11,0.691952681465407,0.5404163085920335,0.9098318112771124,0.45571195192699443,0.1843519573411098,0.3540632143920616,0.22432840175646632,0.11402888800197941,0.07890677440550348,0.10386703322106046,0.09469839956773889,0.07195474343223672,0.05985206242204486,0.06929233586570202,0.05465178628152719,0.056452618261309054,0.03912657063103536,0.06580892286414558,0.07474292733918127,0.041362535402129266,0.04060736462592259,0.04604583404211933,0.017214038880298554,0.048315018857895436,0.0450485286094339,0.05885059840666943,0.026267661973950255,0.050467988515758906,0.024270798489066756,0.01899401843157067,0.029158734361103854,0.038279247815955736,0.03681161371265246,0.03199812307045864,0.020217847308650075,0.04354484336727424,0.02068996567623576,0.014184588164225288,0.028215981623978034,0.02042423576588365,0.01758365587576088,0.011559976477235792,0.025829079617331326,0.009987507250946484,0.012319207088770087,0.015440627056227929,0.012563600762900829,0.011338656018878046,0.017795591540897483,0.018509004925449372,original
12,0.7359706053229357,0.5018613706400442,0.4356258882992761,0.34397162127526043,0.1735030162982191,0.16903862282244478,0.22414514095797855,0.1719928686985751,0.14027885561186101,0.11208795206569158,0.06586405449204323,0.09526485885113876,0.05399856421130351,0.04644648500576903,0.04042249058152109,0.05846848227198299,0.053608324994450056,0.04249894746221235,0.04529539550957799,0.04809662161174428,0.048820251899786636,0.0280424393118576,0.02625638275744195,0.05731772865506474,0.03519740090018711,0.020300361675142084,0.013477161995849201,0.017991906745894137,0.037936977576258565,0.029578600256259933,0.017604460020150245,0.014728451457704175,0.021118242623813586,0.03447248927789239,0.037779315720499716,0.02049410737830989,0.02276328386172134,0.05093987096270013,0.02716905960573294,0.027749040815581397,0.02052042464237881,0.021872513074798795,0.013316069809131623,0.01177079118042,0.02278874540810733,0.013704662310330707,0.009860154275843955,0.01301229570220449,0.010391259908297893,0.02130631851672269,original
13,0.9082428869823029,0.5899486912311585,0.6621280196557927,0.3732358679602086,0.25760235350946675,0.20204175515915368,0.18571970385697678,0.16714067625523518,0.15026830896868204,0.12319282676469295,0.11373785693162297,0.13318484259781968,0.060747227746255905,0.047190285524358416,0.04394949009082195,0.07825526142068476,0.04572609155089652,0.08342210591932783,0.059736644203677594,0.047855360629534154,0.049841141277506315,0.03369933413246447,0.03896881568172161,0.029964573485819428,0.031737021865927216,0.04673285067998558,0.04090259777363172,0.06050682993365476,0.0275823443030221,0.029929910972793884,0.0409764808597183,0.02770708887777714,0.020816288244165707,0.03447471697512649,0.014498996812526102,0.0507964958079167,0.02983829715152455,0.027030848998033583,0.061474267626349374,0.02550384097334798,0.024668241639105526,0.02051056505115101,0.026243284928517158,0.034322522788533934,0.025853042925420584,0.02701385173224756,0.019378480237466838,0.02714517808658706,0.016778751809498484,0.015639619111794206,original
14,0.9689287063675782,0.694804358641899,0.4668162991949903,0.3331494412202796,0.16454167395545977,0.19387812253036252,0.21894022146933192,0.2259541324653445,0.12831768566761348,0.17759822668598427,0.11596474669930204,0.08267638447976637,0.1051606223013469,0.057602849218022126,0.07204891069737664,0.04331122043002139,0.036527242964782485,0.041728803193284356,0.04226646277179447,0.0536527376206599,0.04113200977426744,0.03053023329227823,0.037240029811248104,0.029672066481898927,0.032736159343880085,0.06673382245415857,0.03763752348276817,0.023368797808414773,0.026427077656024586,0.05088269232832587,0.026902291237705885,0.03259719017758389,0.02751579984986134,0.025715393554910006,0.036887583956648616,0.01636830802771482,0.03246966244495658,0.0636758221328221,0.023604866996060802,0.020631812973210085,0.028404366427012308,0.0182247886799208,0.026068198528308998,0.013895930597681403,0.01591408366315283,0.023488885550045625,0.02260296373627502,0.013843917227244627,0.01009042299206415,0.022132300856068512,original
15,0.9762909723935259,0.5288786411814386,0.5186757844881984,0.3012028113648954,0.3205703917610041,0.17886425348929824,0.13352748809846302,0.10979272041520902,0.12538531357420718,0.1579670107890271,0.18396788868464278,0.026600633942934798,0.0305405583847042,0.04801646850440495,0.023869082806341653,0.035583158406634105,0.010412080486278747,0.02003943365998757,0.019561954111004982,0.03799409390385476,0.03185220646994703,0.0664301913926683,0.02688211758006974,0.033228511254635454,0.0055882514082548455,0.006031050979894978,0.024116019770399205,0.028916812508608464,0.014247520754811348,0.012932186164076473,0.008931780637252092,0.016482886701525118,0.016984750388560874,0.009778037097696136,0.02898296057721058,0.011006211654083222,0.02395528303331028,0.02410693931024253,0.01339048126601077,0.04278403357204144,0.01655932466136422,0.012977250447286138,0.017861260476518002,0.015738291324341677,0.009452060889502819,0.012499358175834646,0.009535788112912813,0.007492926585754273,0.017683222207164576,0.005022481069272245,original
16,0.8750075436108884,0.5610565339238613,0.5207440747546943,0.4202083279709543,0.18613512041702054,0.33704994157184787,0.22119138768365623,0.1076012383662918,0.12067262748040691,0.10152542106584558,0.1482244933233312,0.03599103890060561,0.05769571070151189,0.04666200973024155,0.08879438676537439,0.07589676948437668,0.055032032195396534,0.056288839126237195,0.054053734953309694,0.04798385521119393,0.043519783975528734,0.04494807221615107,0.03988806230668937,0.03088559592117184,0.035083539473293526,0.03611134143067765,0.02539020053611489,0.05809084013601674,0.0338463328088898,0.030659611171382252,0.026864050100806038,0.030705842258924303,0.026316341285361172,0.026549400466198803,0.030345614975188492,0.027003373965345398,0.04361341436905113,0.026936449798483843,0.01723563657548407,0.021658092879894352,0.035201278481357595,0.026631594025380317,0.027110107301755067,0.02666584823051724,0.027123177562245512,0.022781224522355415,0.022834074952166314,0.026360255018888806,0.022214644526027495,0.024759979872017307,original
17,0.9839808736905947,0.5498018195226111,0.4900208120508354,0.31402590510617984,0.20496020628420852,0.2839125407019782,0.1255057186854901,0.11327760850421864,0.18953182467654223,0.12347178157015253,0.18030582351201208,0.08443997927292152,0.09065369081280915,0.09103533177252682,0.11632912375943073,0.07790307012863174,0.06956364773613803,0.07567788488209043,0.043349687671706445,0.04940342007405968,0.03422918249521988,0.052166075695036146,0.03966269041621765,0.027739629594632147,0.038697158683281434,0.05178916022420985,0.040314854180589714,0.048592435236358505,0.06655945095759953,0.039717188243515944,0.03808638195698728,0.039977391428176696,0.032681392121139644,0.024904800016675645,0.046241612241802,0.028822584077664602,0.0403278764739694,0.02865481213931508,0.022227841418275336,0.030775709195025786,0.021569325673448148,0.03277621992655744,0.027318232498574485,0.028722128533494387,0.018342402505292416,0.02354027361843893,0.01798352987354324,0.0427031630796574,0.014274345481844393,0.015442486265529737,original
18,0.722850082587842,0.633170239425523,0.5844349564330596,0.3685307292407402,0.20895061921122998,0.2429164378111136,0.22867658563436322,0.15474536863188132,0.10967664095962436,0.11370080783837873,0.10239834993918072,0.050652534403874384,0.07033459873747575,0.04512165529699122,0.04263976277780645,0.054146900829624645,0.04966974515979385,0.044381073857623694,0.038889126907279074,0.04134637307177313,0.03060796905648057,0.06020241777631795,0.021888036086273748,0.04496762987289427,0.017211829314162125,0.029846406715489486,0.02977918198694561,0.022969965177674165,0.03715038226173943,0.03691118221244,0.02676803829020827,0.024487656493120093,0.02276955387751691,0.02333693207486589,0.03271930804326722,0.01824019577668302,0.030882198938224012,0.013376330860526232,0.0114573453623248,0.019694467243530564,0.011921829840667935,0.02730706828687966,0.01249154117818686,0.015003549697409935,0.025796560224179626,0.01405376920856708,0.009624638320908907,0.015009829490907376,0.01669648245579289,0.009420093192653632,original
19,0.9885186896217608,0.6641009815015068,0.5041876949196565,0.3204420132987584,0.12435399304707033,0.25898460324874284,0.21496461987287901,0.06753665892317642,0.10505185049000901,0.1661727811682768,0.16009376934306982,0.07660722600603374,0.025862640920583834,0.03639162852156058,0.03307550437190122,0.019025645555125845,0.016206130538323357,0.023612796347142914,0.0163999135309945,0.027249054498740755,0.027190604242114044,0.044409023135933215,0.028508950005072836,0.036923213850824095,0.00890450972013273,0.013952116530034952,0.025452645490546818,0.005258968461591501,0.008174980977972618,0.014443801003272312,0.004817877519970589,0.014782683035266664,0.014455700216873939,0.017565053220520155,0.01927400049143679,0.00991664145609048,0.01235721664954917,0.02097779371849024,0.010666397672272544,0.015499345758549964,0.010493289811507931,0.00993178945721549,0.012285263592267646,0.009875374102371404,0.004708969665959303,0.006549389865624008,0.010126205855472373,0.006160991601827088,0.009735970931082725,0.0041689240860083064,original
20,0.6011788263239916,0.530769678668101,0.42413491392811925,0.4316616066691788,0.27940983624393445,0.3191793300155325,0.3096163996251513,0.14948149327163074,0.16330835395495266,0.14880279316691916,0.1163555143740193,0.05938839049297856,0.06578009554228338,0.04471309597750662,0.05700139224874124,0.049338666988867,0.05589892703524155,0.039150523368991684,0.051682594111251284,0.036677164987066815,0.08229827123374221,0.03558726357042501,0.04601983135088464,0.050029630341857194,0.03328001968142464,0.028057556454817178,0.026452473926284227,0.030192281099590067,0.03720344434869828,0.028341117583391147,0.04076862474209531,0.026749340656141634,0.027292645169265613,0.06051125711331789,0.03139589817837196,0.022944975713079994,0.03060883329470923,0.031480669766432746,0.04482532007286419,0.02335641981525043,0.03419441201236477,0.015965460181034376,0.024373714107465007,0.027714532861421674,0.02551572025408409,0.03590223137110262,0.028753899473826502,0.029561548268985164,0.027494685257539765,0.020471001391745812,original
21,0.8203937610871496,0.5841940408949267,0.6434269760948398,0.4604534083501301,0.24064699312758808,0.211061773711546,0.18875490110592438,0.17727872175396717,0.12049077443374336,0.14580907101229587,0.12201816956124382,0.06334179183835309,0.04058240610150769,0.034705647692996805,0.05227798648856365,0.056811011956826425,0.040850227575920564,0.04174052483035333,0.03812516053477624,0.0534768014343084,0.03652529145051779,0.04941703236248331,0.027980305313569365,0.027322913592471937,0.021882199183740597,0.013588431215692082,0.017507080240168428,0.0386044413291832,0.027502754586067355,0.015735642286747554,0.03316295665911666,0.02346843936562414,0.016151519001044588,0.03253769352787015,0.015738142751780145,0.021803470727348846,0.020963466742193883,0.047325181087580034,0.03528503722499455,0.025376323711654995,0.01801246858859528,0.03511964505242309,0.018122537090149292,0.017407072487666365,0.013620316426441714,0.016563552882060004,0.016756328741670375,0.012018653162933948,0.013087662642354702,0.008666871930047783,original
22,1.0459643449477256,0.7310730162961662,0.6241846348614509,0.2324604316593695,0.14901243138433876,0.10528015780305502,0.09928233875037928,0.24326416970259881,0.14878002818328542,0.10314290182367354,0.08202708640110107,0.06611442160062916,0.04346762563435266,0.06144601284871443,0.03545896712373172,0.033577814642026874,0.010413587222257523,0.0682551236493847,0.043024158673356114,0.030230431323148337,0.06428804585591114,0.052194965865793266,0.009545233835639122,0.03748573735008656,0.045459439196792586,0.035920307842496314,0.013745904633752198,0.021095315719333336,0.026719716513643795,0.044333534075406085,0.011453539311828152,0.019431082222789633,0.005765210303891801,0.014427751849685387,0.02738488983271277,0.02497398427511375,0.009152496577348514,0.009527163621412853,0.013164271988634171,0.03739041367244966,0.025771990839009162,0.01437090579752595,0.023172350233060617,0.01848581639915108,0.014318551903086493,0.01172311501373758,0.013933599969323201,0.013936649234950759,0.01127318990658832,0.0069444269737946405,original
23,0.7900420553000077,0.6296268096992359,0.49920831220731626,0.3628297861020322,0.32373690814204187,0.1948872795110309,0.2474312976797452,0.12978517835845346,0.16118635174156865,0.0689838255317572,0.20377174014426974,0.08599909267506753,0.10782680315846861,0.07939389690460642,0.06455886686520738,0.08284395771491335,0.05362640580494567,0.06642881325252085,0.03925708614462121,0.04345064890888481,0.02188258844722457,0.04506094803559106,0.055180518521736846,0.040839918312700646,0.03289159203857901,0.03760848073246019,0.038291606014776075,0.05475010136049032,0.04892322500117258,0.026083638268040322,0.03019830079697635,0.05188643339149348,0.045615125869493095,0.026710089111793688,0.019215804953393718,0.030346326022548876,0.032234165929612736,0.025106903946706893,0.029160478346739835,0.02898006099708126,0.021839865819468427,0.017459751755383453,0.018908626420158465,0.026740503654352037,0.02352125763115092,0.035570137688462934,0.03068762050576066,0.017557796753717356,0.02224114437728935,0.018605375522137084,original
24,0.699148425383353,0.48785192091572777,0.5593175579643511,0.2957438978278237,0.2669163546989529,0.1935231392675963,0.15610941974062273,0.18068047199828244,0.14772832997351343,0.14498871397603258,0.10452905590841718,0.04808563818850087,0.043653742355687974,0.05893463149983992,0.098883820726134,0.05169970884268979,0.06900933774502853,0.04036966429654548,0.05344776150954383,0.04897714397945816,0.02439444245640486,0.03717760245453439,0.03862637375772549,0.06479449729949813,0.04835741011124771,0.0382825288485452,0.07315767516690092,0.02996061295131177,0.03621866071487071,0.031759109721120865,0.044246137129314515,0.02845615915988667,0.03032957739611434,0.03568485674245258,0.024057305289606416,0.0282608829340619,0.03824702007355858,0.041528511205842875,0.028248223478590965,0.057223985650503593,0.026988907560936998,0.025204690030331465,0.016602491224995436,0.01858717509510705,0.02366305207525129,0.019687484365001486,0.023970713932023234,0.036116528583374156,0.0194559500698096,0.017370909033665834,original
25,0.9840267765534181,0.5263284257366972,0.4032875352617593,0.2919096468497887,0.2047490643785234,0.30322089661580476,0.3323631445803909,0.13865025722582205,0.10558295531984076,0.16625820250015885,0.1624677697892616,0.0658131913112652,0.0511085861849486,0.07632383799829454,0.027765319305376318,0.07325846106434745,0.06390102025547947,0.032738261205603636,0.03886868250629307,0.057435921003506495,0.04485861389934856,0.037343332069763285,0.023278022826938548,0.01833043854963999,0.0356186720883599,0.020983346733718947,0.05402517837703625,0.035421516077730614,0.04494820049071607,0.0334478787415926,0.028076630732818617,0.03517709256871295,0.03376189470561022,0.03489808612748454,0.022066160167536132,0.028466270159737905,0.04398481323567109,0.018438482105074407,0.018559973370493553,0.01690047944686021,0.02339657723338733,0.014127153637694297,0.022898900695574063,0.024922947659577872,0.015652546745079505,0.030299882570272538,0.023277028642387218,0.02252261656251132,0.009633747077160316,0.010522602383947432,original
26,1.1111448121732694,0.47297041944016044,0.5494775625135122,0.4872557596857707,0.2363576764053883,0.17332740107923283,0.2198829696914054,0.0989380145832518,0.18276556731468624,0.10230488910736431,0.07837663818308337,0.03997292545369367,0.0694801894686213,0.053420514162843435,0.04561163640819411,0.028314142411016173,0.01513653238378729,0.05195300253717945,0.025998857277240998,0.02155629666160074,0.039335157544497394,0.06346785630786589,0.0089278864498524,0.05767358628299037,0.01412823315261856,0.007922471912257707,0.018729025441364823,0.007433842189444212,0.010301416385479396,0.01837917907040367,0.0037371071622012216,0.021015872486727313,0.06426181104214282,0.01003993292582884,0.013791353951761747,0.02009393443359654,0.012460456524110203,0.01178361992341052,0.007903143371356093,0.02099543138094787,0.026100319003645515,0.009381144739644133,0.0125021973749494,0.011865183395995092,0.007246986993836873,0.007942272957422869,0.0076700370428163,0.007610777302296775,0.009989148239497914,0.008599914682556312,original
27,0.7923704646681843,0.6745665975223721,0.3106142297125684,0.3605041986810729,0.26699712971614775,0.20363011480719037,0.30381059784685543,0.13619462419893769,0.14666131464321705,0.12928104016857836,0.06550985199034776,0.06530247621593376,0.10590063322183255,0.06331015271041028,0.08425829088436085,0.034559618824468445,0.09630774347347285,0.039690462879746015,0.07047672338956881,0.04208039500212014,0.04438617070728764,0.0368201017539766,0.0269814695939028,0.05542769189990083,0.040365687901319294,0.051960481565549825,0.039779152776582755,0.03219050494993989,0.04383869890321107,0.029973877613029287,0.06358436791674293,0.028460966699497586,0.048330054009517766,0.035729289033835265,0.024084049452200933,0.029473612171940916,0.031479413075646605,0.016891942014999148,0.03548055198425505,0.026343254969725168,0.030120675543365335,0.023667028090909738,0.016310579094320304,0.01837765756221208,0.01134440032822531,0.02019741239140953,0.046798614045610344,0.013085376729753692,0.018303201718558145,0.009304389717284796,original
28,0.738827824434424,0.6287595373989706,0.37837218362856434,0.46285765877868346,0.2500899196186902,0.21028052871169492,0.18024150438353317,0.2347387419857693,0.12915784161701457,0.1349346752563487,0.10732585609475125,0.05212722204205972,0.047018084501258745,0.04485585300045715,0.06967305436688948,0.07657373154964595,0.06418813457059865,0.03813830788719308,0.06330349916942546,0.06796217787316308,0.05396139952185988,0.03328698779480506,0.06396914149496559,0.03285842856127,0.03867961324862383,0.04457037159408899,0.026204386458454635,0.0282771750118914,0.07022813207562476,0.022276255592642596,0.01537744792598634,0.028632226283283026,0.01853699579009374,0.029314237527897267,0.03665984773759917,0.03024334647248728,0.03900040889772886,0.013772271412637305,0.021291562593601543,0.022783005032907658,0.016673018528608474,0.028115102066773437,0.014906648770565675,0.018214234865847712,0.019720562729804356,0.020288322174891675,0.011372260815933793,0.018262740057492028,0.022755081291887462,0.012805894337007098,original
29,1.0533516300946228,0.6863112068272237,0.7732246583884966,0.3071019811013074,0.1384125406195493,0.27833744510918573,0.07934367317556883,0.10674843303100026,0.0981707068322589,0.13749161121096595,0.0521173498353876,0.05746721543725333,0.057732702759238974,0.10745071134586716,0.07454148211749867,0.029429305840392227,0.0474002375502712,0.04558262425831058,0.054539423159974836,0.030744171761044034,0.07267777385458822,0.02862478150880814,0.014715556517064566,0.017929148644024923,0.036453532749196216,0.02102513160631679,0.03361703409950965,0.016368010530133946,0.019712406052045703,0.015425167896059317,0.009162171983130496,0.04600799795940854,0.023008775060849685,0.015920823528157425,0.02603511585190121,0.01618255357477176,0.02449426259003724,0.011586505997362122,0.02287253457816191,0.018186038890715028,0.04249390169120433,0.009811729292280448,0.010000658225723123,0.012652486527159472,0.008567132877138136,0.011758893374577844,0.018406653618867442,0.01242557201051583,0.015209181318393477,0.010370411878694667,original
30,0.9092490874039468,0.6600435296626392,0.6453076612881422,0.5035621456168704,0.26277387078104314,0.21430229445617818,0.19292814025732238,0.16694577598762958,0.21098774724239497,0.14753755522422574,0.13258737781060165,0.08683241741290461,0.10485927609184223,0.09776811473775286,0.12593707497623557,0.054384976071130256,0.0636475016404853,0.03260782506075753,0.05710439194920884,0.057376689230465155,0.060717159852652615,0.032961102039425635,0.0924596804767576,0.02753816214198356,0.038904523779163744,0.07058191274912161,0.016695302646053477,0.04281206818043553,0.1345471683064151,0.03784004708087689,0.025763813392873064,0.027625999771445177,0.03754347311125964,0.014394992807276755,0.029875986187538707,0.03135077880536301,0.025349719526127207,0.021741644640421894,0.0312749036315234,0.01630813456911325,0.03621289148365086,0.0207911003795313,0.02533267308444566,0.018776056452569186,0.026709448437196845,0.02517185082791555,0.016965930081508384,0.02621455665287678,0.010377639384840149,0.01713256197141996,original
31,0.7296065384835774,0.40861226982286136,0.44217884170384275,0.5944641047089457,0.4346535947883177,0.2593343183096362,0.15541011121089188,0.14097739290347963,0.20272968180391282,0.15015901615733074,0.14954348679933635,0.05914722878267767,0.06216865500260117,0.06043143349818956,0.05953609603750057,0.058406533437042114,0.03331176425636209,0.06868310640410283,0.0810950852692233,0.07983626292663802,0.08337042893473587,0.04394378873810479,0.033115985766484446,0.0281056204599526,0.029885672240625417,0.04022684085269651,0.04701795276292839,0.03084694238003011,0.042652824342468525,0.04050838390790375,0.05300586404808525,0.038065230397862734,0.034642518195811184,0.03824609472026905,0.031011606618206133,0.03319355704696396,0.03286866228915084,0.031619864054522745,0.02923283304559975,0.017829129951286174,0.026516386961187677,0.029336426797145522,0.02657192291065309,0.034514385181097534,0.019635141676289623,0.025914155887764797,0.023675806556430742,0.018406132748943253,0.02091008845607607,0.021649886078775094,original
32,0.9553177249873075,0.5417049986914045,0.5198999729528562,0.4408890909139971,0.2549621395184085,0.3163262158772652,0.20358058567238502,0.1675255296569518,0.10559014331766692,0.11901096398138343,0.16132698406844995,0.0534131574954012,0.05769184133062078,0.07120418583347175,0.07070910543645645,0.0649622401553571,0.0717724783823551,0.0325992944051256,0.05249932024965645,0.038988870865174295,0.04955547075321185,0.04343070503511668,0.04178030791776108,0.04967536158223052,0.030936129852103925,0.027221559083424135,0.041951097416596375,0.03425903722372017,0.04352288066532978,0.0726462012655767,0.033774823568005326,0.025833184470959628,0.03664722789932249,0.026016907056961126,0.026299290233817628,0.035601012512673766,0.04427861230490649,0.016164070398197193,0.022294807932868577,0.023060678645389684,0.041915025330702356,0.015937031848335375,0.022917294411587328,0.02189952835354225,0.021030792133443544,0.03513963456918443,0.017232823705719495,0.019034070442678887,0.011860090217081913,0.013595388262625893,original
33,0.8046140189831541,0.8348638792968873,0.4238287297208133,0.2284413716511147,0.1689657306827569,0.15729643023143575,0.14798752399237033,0.1740625426103417,0.22523650268180592,0.09986442732510815,0.09752319388398602,0.04520714176456552,0.08553518492179801,0.07500025359136077,0.19750607705182982,0.057135010624519096,0.07187299496559268,0.06078657043165281,0.0542201438759746,0.08598562467494379,0.07900610137592652,0.03283975715765174,0.05943208577422644,0.05885456237908132,0.050021655012758307,0.06546503822615964,0.03219521558736098,0.04078853760681755,0.043005622663886287,0.042826749872413236,0.04825803091481555,0.04677121762608873,0.038741423606763935,0.031696140663803385,0.03466597480349161,0.02836835107144421,0.02396056809671778,0.02034383211659861,0.03605459412847495,0.04366440269825564,0.021818978554892426,0.02399591168225381,0.042896867594445054,0.019683247706765043,0.02156300969379505,0.02346246300309942,0.03461579313713501,0.02193363592832008,0.022452054222740322,0.02464206593086696,original
34,0.8476261137877503,0.5940797051536956,0.43487737399233145,0.3238070850652533,0.20252435176968941,0.2341935375614078,0.19040332836845594,0.08818381101767364,0.11097161035808126,0.1329954807943602,0.07491789648659862,0.027922877315408164,0.07371451766531043,0.08443164599474526,0.037138094164824824,0.08583574050029631,0.03424600364539223,0.04474431176556452,0.029121157916419563,0.016752760140461842,0.021019909760423502,0.02720879557141235,0.04838490264518518,0.029899727130973143,0.029453308451563055,0.018628898692573552,0.02684370487331051,0.025705921596949056,0.017675758626705125,0.011329160495603348,0.03863182907630108,0.027806725342141632,0.03323299569709306,0.0376158749949216,0.02546746461315129,0.03069901643449652,0.017060027737500004,0.032809717623918086,0.02914620232523904,0.012015709213466657,0.016387636053965777,0.012935612772738999,0.01490618831155159,0.018281891486892795,0.008771052114240877,0.017518875940083754,0.00761753532458376,0.02064117792466266,0.006860747658533348,0.00500463521350627,original
35,0.9312312492585079,0.5179015423345622,0.5891100558060629,0.5781376342546394,0.07010053429007812,0.15571549277759064,0.093470626549376,0.2606807656738087,0.14989068460419194,0.05967955702186147,0.14125914642611975,0.04059489770988806,0.10806474318349908,0.060265122402540616,0.14942540193055406,0.09779243442028974,0.02675485244131486,0.0595030559013219,0.04539231015823174,0.05457243524735999,0.047660857645318994,0.030151934026765324,0.03905650515356369,0.05005922452499538,0.027906393684229695,0.055857760579004975,0.022751280237930823,0.03245966045209282,0.03970840102622307,0.03266956154289111,0.034557948539166786,0.024081048362705405,0.02320634511564014,0.0156481889657394,0.030689543175286767,0.03714438781969663,0.04896422934368358,0.02858620600317499,0.02207320207122781,0.012173845503614087,0.03991791118561483,0.01795481403058102,0.016610390345947454,0.02960578854693047,0.019836625282471564,0.016431583508112118,0.006907730855436607,0.018426464635592353,0.009886025243651494,0.014647996484573014,original
36,0.7987334826083787,0.6958919350304433,0.42920417498229513,0.399236204026109,0.3027462676072114,0.23906768155338592,0.2547311491404687,0.12095002327641319,0.15689015316080668,0.22771577335220491,0.11898122687099415,0.034905170919734566,0.06705762646731736,0.0521175756020071,0.04063593255217775,0.03996161484912197,0.03248575669037409,0.05285135904800217,0.04581959950442359,0.01834432064299046,0.04596645385670103,0.029013438248034183,0.032938075255341134,0.02264099437994814,0.04829795071197213,0.03242373971285564,0.03350649741970942,0.026961961961485217,0.0450823693591727,0.028476801017795858,0.03136920059076797,0.04592374750373176,0.037563650814385265,0.024599752839133092,0.021160446894238377,0.03286666307258713,0.03300710340523194,0.037549965445169135,0.023623574640606732,0.01518922802582414,0.021856733631034173,0.01730865347423708,0.038347333643608754,0.011230434689004243,0.016787781272507477,0.015425881893087754,0.026416133252268152,0.015548908372982471,0.01711479787539509,0.011403000797379083,original
37,0.6567687918477322,0.652070268187953,0.4793773953276641,0.32318982682512415,0.26162046541925577,0.2061973761329804,0.23609992849531927,0.18730477477788215,0.11820638499876876,0.15675744895153218,0.1432094822564465,0.1052331160801995,0.06766823909338743,0.03428138901515973,0.03110829741051496,0.038553705437250285,0.05935293929608921,0.03459262404601289,0.04663859889018484,0.058161941241495825,0.02630114257485267,0.05771350655826634,0.029537689744498826,0.03491314066208492,0.03148236886190861,0.03328778604530021,0.047429529766346915,0.04431894830274766,0.046867831510564784,0.017919461011570773,0.032886979081950284,0.026656828485493726,0.02802006700625912,0.03481003700521495,0.018591178424490783,0.028688070989115237,0.02434186665386183,0.03608178949932535,0.07126040115607761,0.03075340596069612,0.026180930131017438,0.03124653640313533,0.020590911572443527,0.016316295999671427,0.018838774482569157,0.01161013844277483,0.029190007904227856,0.04326025186912557,0.01717008828935711,0.014490380751091467,original
38,0.9657392148998284,0.720111909065573,0.5603476996822498,0.18066123039336748,0.1291057802757954,0.10519101386730213,0.18288740908846304,0.07445629885679778,0.11972927842181809,0.09873085514408801,0.07540512372999314,0.02477503693865107,0.012702707316657257,0.016559734649484768,0.022551217690322672,0.02919847641845124,0.009043925748895133,0.01708425359396816,0.012041376131614594,0.065858851741084,0.02456158020501055,0.030210281080633998,0.0072283106168669455,0.05746103765005446,0.018296599137662576,0.007882355808439703,0.005304776999733023,0.00796823910092993,0.007141737207538609,0.01464128239191419,0.015460453943788944,0.013581471480826645,0.03925620726740902,0.034003891691120836,0.015082936292017598,0.010562203448386038,0.009584427900162952,0.008668809095904565,0.0440837607147753,0.01042603717356893,0.014871046803479534,0.00859858786249689,0.004933663330972591,0.010920200669153071,0.00973013818018113,0.0069456654315175805,0.019574761497755836,0.007583873415984387,0.003523534458175826,0.024007042195783087,original
39,0.7665217966083736,0.5854798143391718,0.6069328716699052,0.3227514715334033,0.21701597149427557,0.1988352802579028,0.21773381987898083,0.20198747062880734,0.09241654183522434,0.10551871472005883,0.13686835526489807,0.060469020778539724,0.046494250887364835,0.05539280497559981,0.04899793378131502,0.030874285978058955,0.033488094989886,0.062071639333524636,0.020537033029112764,0.012366327085771602,0.03978255397244166,0.06262724512355995,0.016554454165449945,0.0167950429314528,0.02784691286890982,0.05099005425695977,0.0295692514460804,0.01757042940273713,0.014659367576831395,0.03197081785094016,0.025404837565728523,0.02890839994338568,0.011206310647583116,0.025958044384127257,0.01911395029212424,0.01458310083853088,0.019286596815425317,0.021384847389511078,0.02247976455075607,0.02857846566244036,0.012466211801306925,0.030974677019362202,0.014643378296653973,0.017289048906185055,0.009478460178463275,0.01298403321836575,0.032041961413408065,0.01648650768432715,0.008730891633851106,0.01380510048886745,original
40,1.0984337735951897,0.8259690267442197,0.6202111349618437,0.16215069252641953,0.15639985347202634,0.1374693213875264,0.23019443656728406,0.06436657815949724,0.13512079872412386,0.10196748674645369,0.09648472305741036,0.03766953233447381,0.06729658515139315,0.12561762250952796,0.07759935189212228,0.04346665688162635,0.0487897221544464,0.10202362803138083,0.04452658166584883,0.02060216745114273,0.05867532199949454,0.03755534886079861,0.05018758056508314,0.03293125338841565,0.07305040096885912,0.05660577243485969,0.03048408633492473,0.04205598080425431,0.1464700521166513,0.03381267042046042,0.04124225055742268,0.029230908122074076,0.03976378109324063,0.030286049057048597,0.02728920053787907,0.039768410921192904,0.028468496390139854,0.050402571257184565,0.02204522849677205,0.021135229977302966,0.039647490533779375,0.020746341210592954,0.01899904797115148,0.028363823093730426,0.02393165708656486,0.04395549762502303,0.026794113459902437,0.021710376659158193,0.01817792886590159,0.01696943553351222,original
41,0.7390162099677954,0.5069854661995925,0.4693222253139201,0.24356049098074808,0.3607673167673089,0.1660155985358647,0.19132709986592214,0.15151206114925864,0.14330300159040685,0.11446557019271958,0.08837499528483123,0.056002635153463674,0.06986980904033445,0.06572875725055587,0.08022509743655959,0.039355801446831574,0.04295393888303747,0.06547592400347094,0.06992812911441154,0.043794465953831685,0.029610123354129304,0.056988687313206145,0.03766777416517673,0.0532665308248798,0.06593586450922237,0.02857211163768858,0.0355230424251728,0.04055239682496031,0.027957795655024008,0.05714620066657426,0.028463838173058233,0.031073085488385947,0.03643061743837495,0.03596442634387381,0.02690084197281105,0.016433590500950584,0.04969567254437523,0.024159366417841575,0.014132419708613004,0.03163784298476938,0.0263379721011147,0.03581903129961848,0.026256486442726303,0.016349395994746187,0.018037517666306,0.01816961135993294,0.02215011497058461,0.015995909626294828,0.013836316840870886,0.013716149170814729,original
42,0.822112938799148,0.6914067908120451,0.5359124393537072,0.18136145655692307,0.17733970487667483,0.19423261297125655,0.17064577868536876,0.16018204829195362,0.0559706450589601,0.09663410390975338,0.08118768400620326,0.027649332594155224,0.058514783791394714,0.05674533011219815,0.062072793776266365,0.02726626844319673,0.01286184863218095,0.01980305419202215,0.023305874531620377,0.023282679916851717,0.01736380542640951,0.029288181378097508,0.0468741357239259,0.028433820381644704,0.017809134760754516,0.020804252022372238,0.018083346814558122,0.01652043696164179,0.009361067005496899,0.008040196068315545,0.005514189703302016,0.01855130951991127,0.01294964595354997,0.00794964991230917,0.01834973048495254,0.008928676646402851,0.00804304077200318,0.00791023782973519,0.006171400596358027,0.024298537920388982,0.011314647767118548,0.012758705406094925,0.011076099629933904,0.007929406632909461,0.011768646120945638,0.01006156074447198,0.003248349653722738,0.005512221145473271,0.011754413194095066,0.005581411483125676,original
43,0.8299908248500469,0.6370644835716597,0.5126170205643572,0.5379461934518642,0.1378090266384862,0.18348395798021813,0.18944440139200425,0.063827451503862,0.030970264182155757,0.020725362104097797,0.03181654951698122,0.049061780844997245,0.08216291431619321,0.04249982018984632,0.013681276119928209,0.0357958698557183,0.028597107599253924,0.05068068436767779,0.05438764987213252,0.023971361624775693,0.015426567634198377,0.015700955926326546,0.02739810376684639,0.012525424420573385,0.02071500176659482,0.016937343742781278,0.010915081617006817,0.04643174366558704,0.030538675886591968,0.016867354969077934,0.044867980105506404,0.009825247242207659,0.007702952331214002,0.011451153272868603,0.009436667778193616,0.00896416667135445,0.024474105278792267,0.013516115721617221,0.00856139512489895,0.003372513443990638,0.01864655630118117,0.008782912304781737,0.004151164368599283,0.012567133356520883,0.0077147385738780905,0.010406650883204215,0.0052148684660117215,0.007079003391105153,0.011564927227179465,0.0045517898683535216,original
44,0.8236138556522244,0.41512731378123485,0.4303496594043837,0.38814371432312456,0.25090255533301153,0.21299562556499635,0.14806357020766897,0.16053022576296536,0.14175236372062855,0.1562044792090778,0.09628508037355353,0.09919749931616494,0.05252373681216981,0.05126297526773298,0.04964217062700586,0.05549323979055236,0.030820183314241745,0.030090878781952622,0.03318666088269852,0.05203334098921177,0.030082935486954995,0.018813033362876094,0.026665599525074447,0.043924810572820584,0.021134475332035565,0.01759175773851674,0.023568532913256654,0.013108047060677686,0.02689018721477059,0.01389445286729326,0.020388593292511133,0.02158431422197466,0.014683685620781815,0.019188285670294087,0.023561137961997276,0.020351142494729083,0.014653951759726296,0.050787762083983334,0.04774725789306773,0.016854518360673185,0.021214999963314916,0.012511521139339702,0.015042277159491526,0.020187688470279276,0.018147889733925525,0.012504208432425121,0.013870490143243479,0.015831390821959918,0.032689952743738024,0.007984273168865684,original
45,0.7774920090124909,0.5558537015310562,0.4492633524039675,0.2342241905690797,0.2894581088057409,0.18381338646948375,0.18881262462491466,0.09731107618229792,0.20651638082491566,0.10729000330962934,0.09485526960323007,0.10921878717240821,0.050392844153840884,0.05045131664259336,0.0745233673359244,0.04924385343540288,0.023098015106286236,0.06345178088624912,0.04132178141253734,0.03255103235997832,0.024378215498089734,0.039001016711546606,0.04848642153724453,0.04630588746947277,0.033228722904125096,0.04658424459131964,0.02594235154628815,0.03759466681484047,0.052926594366793075,0.05014321093122314,0.05286191490759782,0.04623939593478636,0.03246547627407223,0.051031371837275435,0.025609897098841893,0.021533533213941594,0.021372198760845812,0.03634932795374783,0.037294807614752845,0.05695476295115023,0.03297917680799222,0.03509643747778424,0.028783799108651677,0.01927547488343262,0.025175658720321844,0.031735471193801865,0.038897276949415936,0.028482044480445078,0.025355658893068136,0.029346523256126585,original
46,1.0015662794783031,0.6589853457178931,0.6097922796500495,0.23281763842102393,0.18678843804404502,0.255759271120334,0.19747066125713986,0.13515269081930645,0.12012199375955898,0.14029352949960605,0.07574667546274304,0.021751633216044893,0.06484477845098305,0.0995429394372387,0.0880365800385727,0.0619887834406519,0.029180932360437156,0.06033323487503432,0.06106725922626221,0.015523633600110616,0.06372149351762323,0.09936788745707222,0.042689709384200504,0.03528973918159026,0.03993048144302588,0.027777003469252663,0.02060131798091351,0.026987340198650223,0.025492980255871874,0.035332797909206015,0.024210602554368684,0.035867378006635704,0.05935023285759674,0.014478623809330382,0.022746529886394865,0.034148792851077914,0.024899981892132626,0.02239235586685632,0.01506335146187101,0.01912035618459009,0.02029732135527865,0.017146220176252412,0.01995775979537711,0.016732499446398562,0.023743964842562106,0.01828940075605303,0.0156663832451016,0.013344336832589627,0.011516735334927948,0.016255931721252285,original
47,0.7732169221706475,0.5388634826304619,0.3999361166896493,0.4268231594631136,0.17697156912739662,0.19814706241234772,0.22681137703894583,0.21560787454338834,0.12119480929770923,0.19334076545410128,0.1632529284202733,0.06057468854993386,0.07342296503249492,0.043995404669277684,0.128338161786655,0.06962230642125751,0.06123971430279505,0.04487663184980074,0.06499907850664749,0.05482030170532128,0.045990597446933956,0.04883552570364909,0.023556478184037923,0.04331490059950647,0.03478296655688269,0.03962984449329477,0.04956158470827487,0.028609675012771785,0.04007233098836609,0.06004728902759703,0.06867949707488197,0.02843760149685234,0.04569937263911423,0.020668562836960346,0.02713853671843559,0.029844227595490942,0.0395058574977343,0.039468581421641294,0.019886220561152915,0.023110513352217314,0.021300395620274783,0.022453512362476825,0.01884416570025432,0.03178290059643716,0.03342937429623806,0.021906879297206652,0.018121632061165616,0.015333105394266473,0.02205712643997337,0.019205727342439572,original
48,0.9548515083422678,0.5394027837010578,0.4718067330594372,0.4938080122636705,0.14573514508443158,0.23800257285139373,0.24335468372553826,0.11502556995470674,0.085953626708591,0.10196135374887043,0.10906089929738277,0.13213744134797098,0.046875358062599216,0.05893188129498664,0.039848403574652885,0.023732057028874265,0.02465239444755164,0.03209837666045419,0.01970076080598204,0.024606481893839433,0.07662261280055152,0.04252302195598787,0.040884027406294245,0.06472319530424145,0.023316456541045652,0.01763714519208707,0.04858557444832212,0.016776368418287824,0.006181417054970186,0.010602380840035999,0.011101798022079487,0.011631184079233184,0.024796591238470837,0.03724134560896495,0.03269745815533529,0.009059014482483616,0.01348437834895003,0.017582193400158257,0.014259019322941054,0.009727642014620418,0.009632494390673534,0.010325420810614922,0.02229770041614157,0.01479908195090905,0.01781598237106519,0.011575516984245108,0.010907314421184745,0.007627184791027164,0.007683271554257428,0.009482611447375664,original
49,0.7492545821310982,0.6156213724012806,0.37646944581957015,0.365122491250193,0.27106849249725556,0.20064253467943108,0.2797234336971128,0.26939538279937464,0.10355859819272308,0.14045370762056963,0.11764772471869132,0.05650535620174016,0.059224066031858154,0.06616947588507921,0.06221967805356605,0.0700918751588251,0.049161722648908605,0.05989922991851812,0.04135759378763244,0.04665978284465868,0.03476949710047627,0.08349027695342905,0.045940349967386614,0.026440309054813135,0.03785156295952016,0.0517477110374629,0.04042702598598824,0.027307752187144606,0.06717321475621978,0.020589302868333034,0.03210900630779943,0.04832151539780259,0.019818780325433213,0.03379778929397196,0.030750108760259014,0.035744347932868306,0.03467489807676368,0.08369413523266704,0.043892516637894764,0.04890177900929931,0.021370155009536203,0.031535094902485385,0.01395241004484264,0.017175929218013128,0.023763068437177477,0.01488553094775292,0.031794445435952834,0.021430990190544064,0.01832671458151901,0.012881079218003829,original
