,dmq_cope_2,dmq_cope_4,dmq_cope_1,geschlecht_kod_male,upps_ur_5,upps_ss_2,dmq_cope_5,upps_pe_5,upps_ur_2,upps_ss_4,dmq_cope_3,upps_ss_3,ffmq_ob3,ffmq_ob2,erwerbstaetig_sub,ffmq_aa3,ffmq_nr7,ffmq_ds1,ffmq_ds4,upps_pm_1,ffmq_nj4,ffmq_nj1,ffmq_ob4,ffmq_nr2,ffmq_nj3,ffmq_ob1,upps_pe_1,upps_ss_5,ffmq_ds3,ffmq_nj2,upps_pm_5,ffmq_nr5,ffmq_nr4,upps_ur_3,upps_pm_4,ffmq_nr3,ffmq_aa4,ffmq_nr6,ffmq_nr1,ffmq_ds2,upps_pm_2,upps_ur_4,ffmq_aa1,ffmq_aa2,upps_pm_3,upps_ss_1,upps_pe_4,upps_ur_1,upps_pe_3,upps_pe_2,Data
0,7870.897308349609,4652.021755218506,5492.171245574951,3065.9802322387695,1046.0807838439941,2085.5889854431152,1678.2220001220703,726.7657890319824,36.374698638916016,311.5669059753418,0.0,0.0,156.11279678344727,0.0,0.0,0.0,0.0,0.0,0.0,0.0,0.0,0.0,0.0,0.0,0.0,0.0,0.0,0.0,0.0,0.0,816.7392921447754,0.0,0.0,0.0,0.0,0.0,0.0,33.698299407958984,0.0,0.0,134.70280075073242,0.0,0.0,0.0,0.0,0.0,0.0,0.0,0.0,0.0,original
1,9150.00946521759,4671.345010757446,4344.613563537598,2724.994111061096,2575.2833938598633,1581.0859928131104,303.71489334106445,1044.9238052368164,1416.9201049804688,1280.5941915512085,87.72300148010254,1587.8345031738281,612.8145055770874,599.7085146270692,626.273443967104,640.0871449708939,397.9921793937683,263.7193012237549,668.6456995010376,302.82199478149414,423.39389514923096,189.12339401245117,422.57640075683594,262.6871042251587,49.602399826049805,0.0,233.00060081481934,103.46203982830048,90.41049766540527,134.03660011291504,0.0,293.6853609085083,117.43420028686523,17.212799072265625,17.94809913635254,36.471641540527344,56.990498542785645,0.0,41.12160110473633,29.2903995513916,0.0,40.65999984741211,27.480600357055664,13.220499992370605,117.1205997467041,228.47649955749512,38.882198333740234,0.0,5.525090217590332,18.758899688720703,original
2,6532.714434795082,1356.2742248773575,1964.7079019546509,2656.4816541671753,621.9128247499466,520.4043469429016,3837.6522965431213,658.308810710907,3313.905921161175,1142.5840134769678,5944.639414310455,2822.5351086799055,940.0124387741089,205.62289834022522,1099.255885064602,1303.8143009319901,325.3821141719818,2949.5188632309437,1520.0740232467651,798.3609340488911,1331.059441715479,1009.8154157400131,295.1472145318985,366.2984149456024,1218.417927622795,2869.2815014123917,232.75074100494385,528.8455363246612,1683.6534653585404,1018.726331439917,1191.2979205846786,433.88492012023926,613.1224343553185,198.04826319217682,252.9399003982544,494.2258375277743,192.28334622085094,432.04384410381317,766.9867691397667,658.1767601370811,327.6784485280514,763.7380075454712,579.4542643381283,251.11514520645142,201.87447905540466,286.5583077073097,372.82970175147057,304.52379870414734,185.80678725242615,887.7629680633545,original
3,12195.923331260681,7329.756338119507,3672.0547161102295,2926.121686935425,1869.660177230835,1467.498908996582,123.90559959411621,1253.4989852905273,916.3132019042969,519.217700958252,186.96630096435547,632.6539106369019,486.3051948547363,241.191499710083,308.47189611941576,508.30789852142334,588.6268048286438,44.33549976348877,142.24799728393555,163.29582595825195,654.1255885362625,40.23860168457031,226.5245018005371,59.39318084716797,41.36548042297363,38.981201171875,113.67180061340332,45.367770195007324,396.26931381225586,274.9173698425293,449.06650733947754,187.39633893966675,0.0,0.0,121.41560173034668,73.99478054046631,106.26515245437622,65.17550086975098,28.415199279785156,0.0,0.0,62.7755012512207,0.0,0.0,0.0,0.0,82.07540130615234,0.0,0.0,0.0,original
4,10255.344274520874,4277.84721660614,4405.197078704834,2342.7501163482666,722.0928955078125,827.7482070922852,1133.020206451416,947.2999153137207,1571.0908279418945,1399.4698667526245,242.8780059814453,277.39237427711487,123.26479911804199,660.0644006729126,135.95863151550293,639.8277235031128,391.2132053375244,138.02670097351074,191.13220024108887,212.5767993927002,64.17930030822754,726.7682018280029,85.89150142669678,89.62820148468018,42.85989952087402,23.46880054473877,149.64239883422852,45.19207954406738,68.96489906311035,50.24898052215576,0.0,10.905799865722656,97.97754454612732,29.433900833129883,112.6099967956543,102.72879838943481,75.21910095214844,31.78459930419922,16.999900817871094,207.18275928497314,15.357600212097168,40.941800117492676,64.52520179748535,58.67410087585449,31.762300491333008,22.29680061340332,47.0723991394043,0.0,0.0,0.0,original
5,8754.195056915283,3526.234088897705,7902.491502761841,3599.5645866394043,1668.5663051605225,2509.8327960968018,2545.092348098755,2128.84130859375,1909.3666191101074,1038.1156959533691,1552.652114868164,750.1701927185059,1139.881212234497,787.9458026885986,861.0696048736572,821.1266937255859,766.0207977294922,1792.1996040344238,654.8882026672363,394.73950958251953,1177.35648727417,243.656005859375,1457.8340950012207,1155.647611618042,760.639274597168,1701.3215885162354,537.3564109802246,145.29000091552734,253.75150299072266,597.7382926940918,418.83820724487305,226.24230289459229,36.401798248291016,366.6876029968262,388.9694004058838,43.34189987182617,135.26630020141602,103.21180152893066,193.51830291748047,343.92530632019043,719.9738025665283,267.2959976196289,163.9379005432129,380.2346935272217,51.74039840698242,35.710601806640625,417.8998031616211,46.30570030212402,109.41040229797363,199.32850074768066,original
6,11924.333465576172,4459.142276763916,4642.905029296875,2616.7109718322754,1441.8000144958496,1740.9752082824707,4336.97696685791,0.0,1846.5956916809082,803.0471076965332,3068.6889266967773,477.814697265625,633.6613998413086,363.66230392456055,0.0,0.0,40.82270050048828,258.56400299072266,0.0,86.9390983581543,81.21220016479492,0.0,0.0,0.0,0.0,152.8927993774414,0.0,0.0,0.0,0.0,0.0,0.0,0.0,0.0,268.71410369873047,0.0,0.0,191.72680282592773,0.0,0.0,185.62120056152344,0.0,0.0,0.0,0.0,0.0,38.101600646972656,106.58280181884766,0.0,0.0,original
7,5897.326452255249,10469.837306022644,5225.374889373779,4237.731182098389,1164.3232078552246,1706.1936950683594,251.70799255371094,981.2834520339966,1774.5833053588867,424.71350479125977,654.6836090087891,230.83779525756836,506.924898147583,55.184898376464844,366.04319071769714,282.7282028198242,244.11809539794922,301.14160346984863,166.77629852294922,157.00179862976074,113.68073034286499,380.4241018295288,211.73819732666016,47.39684820175171,170.3342056274414,0.0,84.5625,65.18793964385986,60.755401611328125,0.0,161.15180206298828,76.85770034790039,59.17279005050659,0.0,0.0,74.0586986541748,0.0,8.20730972290039,8.555663168430328,49.0994987487793,0.0,131.63700103759766,21.784400939941406,50.428199768066406,66.0380973815918,55.85490036010742,43.53280067443848,29.586999893188477,0.0,0.0,original
8,10976.333194732666,10051.963172912598,4979.342052459717,3153.406457901001,1948.0285053253174,423.0473003387451,761.9320068359375,1904.9720001220703,115.75149726867676,490.4258041381836,0.0,0.0,401.4957027435303,0.0,148.13979530334473,0.0,0.0,0.0,0.0,170.9149990081787,0.0,0.0,0.0,0.0,0.0,26.210899353027344,0.0,91.09809875488281,25.43720054626465,0.0,0.0,0.0,0.0,0.0,0.0,0.0,0.0,0.0,0.0,0.0,0.0,0.0,0.0,0.0,0.0,0.0,0.0,0.0,0.0,0.0,original
9,12431.046133041382,7184.439702987671,2984.8632469177246,1815.6784038543701,1169.4727878570557,1882.0191040039062,863.0987777709961,999.0305919647217,216.33806037902832,530.4732913970947,55.253700256347656,1124.1681995391846,675.315299987793,616.0236930847168,262.3273615539074,410.2159185409546,113.2677993774414,228.06640243530273,60.747729778289795,185.68470191955566,187.63797855377197,1168.2354049682617,38.99079895019531,111.23810005187988,333.96349716186523,6.920159816741943,304.9769039154053,213.85839748382568,17.477699279785156,128.73649978637695,665.8928928375244,57.7515983581543,54.394129037857056,14.796199798583984,0.0,154.9246997833252,14.53600025177002,14.308600425720215,46.012600779533386,0.0,0.0,34.813499450683594,60.73449897766113,5.669250011444092,0.0,0.0,0.0,0.0,0.0,0.0,original
10,8890.706810414791,3746.19132232666,4939.969562530518,3509.0892009735107,2054.7472038269043,1165.0328748226166,1850.606315612793,1802.6636009216309,340.8826036453247,622.844687461853,737.6673126220703,276.3405075073242,326.4218997955322,408.4795255661011,490.28240298945457,181.45313835144043,763.5123741030693,339.7784023284912,330.08810234069824,0.0,336.686900138855,609.8745082616806,186.71110343933105,120.52356719970703,1304.2709817886353,733.1303062438965,0.0,49.36401081085205,190.63698863983154,398.7896774113178,90.41320037841797,77.98278951644897,262.66864824295044,97.05379676818848,0.0,97.22628226876259,103.67790031433105,32.05799961090088,168.54455089569092,309.1266984939575,23.726999282836914,43.66669845581055,0.0,32.62860107421875,0.0,0.0,19.118499755859375,0.0,0.0,27.97260093688965,original
11,8051.794906616211,5951.720720291138,4398.55632019043,4650.858570098877,584.5312976837158,2451.2202739715576,1449.1205825805664,1724.002779006958,230.45609664916992,523.9398050308228,1223.509895324707,383.8645944595337,253.61070251464844,358.907696723938,162.6232522726059,275.66410064697266,109.4297981262207,59.41620063781738,160.96920108795166,197.45539665222168,197.15209579467773,104.61399841308594,1147.6019134521484,587.0627899169922,114.55010032653809,38.59479904174805,0.0,211.8360013961792,0.0,94.36770057678223,54.35179901123047,79.93899917602539,10.572600364685059,0.0,0.0,73.42570114135742,0.0,207.3592987060547,248.39519691467285,0.0,0.0,137.23039627075195,32.8577995300293,69.48500061035156,302.55780029296875,0.0,0.0,0.0,0.0,0.0,original
12,14482.0043592453,7420.858998298645,4192.530382156372,2601.070695877075,2790.1858463287354,971.0696096420288,117.34610366821289,1944.686203956604,507.7159061431885,837.5501732826233,0.0,330.1241989135742,437.32830333709717,280.87639808654785,450.2916922569275,383.72389125823975,365.1707019805908,266.5678024291992,153.8027057647705,165.3498878479004,870.2086973190308,300.7489995956421,28.702899932861328,192.09381437301636,191.81040000915527,208.89680099487305,105.1150016784668,139.05645942687988,0.0,0.0,83.1900987625122,186.40950202941895,25.44890022277832,0.0,0.0,16.114500045776367,163.5542984008789,167.71849822998047,79.42050957679749,52.509199142456055,0.0,0.0,343.33289909362793,0.0,0.0,0.0,30.55009937286377,0.0,0.0,0.0,original
13,10558.89661026001,5351.782325744629,4965.372940063477,4507.083839416504,1716.7901344299316,1053.1443939208984,1183.7900390625,1798.4291915893555,2143.216423034668,438.8939971923828,1326.9077987670898,0.0,104.62170028686523,0.0,0.0,0.0,0.0,0.0,0.0,0.0,0.0,0.0,355.22779083251953,0.0,0.0,45.89910125732422,0.0,0.0,447.11230850219727,0.0,375.6877975463867,0.0,0.0,0.0,0.0,0.0,0.0,0.0,0.0,0.0,0.0,0.0,0.0,0.0,0.0,0.0,0.0,0.0,0.0,0.0,original
14,12080.45308971405,9348.208903312683,2994.663803100586,2718.924192428589,1237.1227073669434,1754.7551860809326,619.8559894561768,1132.6645069122314,663.3845901489258,1616.4925861358643,597.0103874206543,356.72099208831787,1143.1085872650146,222.7332000732422,773.9371285438538,508.24359703063965,143.50122737884521,303.30319595336914,340.4726047515869,296.2463331222534,300.2486963272095,197.05550003051758,0.0,103.8942003250122,215.52320003509521,822.2890901565552,215.03569793701172,15.668986901640892,148.74727016687393,116.76169872283936,416.5059013366699,38.92500019073486,103.8926010131836,143.86230087280273,138.28829765319824,96.9990005493164,26.838699340820312,41.494998931884766,141.92491340637207,124.73339653015137,163.04140090942383,112.83160018920898,105.58920097351074,0.0,175.2432975769043,49.24329948425293,0.0,74.99670028686523,0.0,0.0,original
15,11118.936695098877,6060.180255889893,5784.730270385742,3233.673978805542,2213.0614891052246,1153.6644897460938,5471.618640899658,95.87749862670898,2071.346773147583,258.8847007751465,2091.6806030273438,613.3448066711426,108.81759834289551,149.38959884643555,0.0,0.0,0.0,0.0,0.0,0.0,0.0,0.0,0.0,263.21639823913574,0.0,98.7747974395752,0.0,565.5887069702148,0.0,0.0,0.0,0.0,0.0,0.0,324.3218002319336,0.0,0.0,169.94979858398438,0.0,97.01309585571289,107.3672981262207,0.0,0.0,0.0,0.0,0.0,0.0,28.617399215698242,0.0,0.0,original
16,7472.930068403482,3383.167454712093,6393.512936830521,1750.5599107667804,1316.2211335077882,2627.7471239343286,910.1803715005517,1326.1594498753548,2391.8388883434236,1675.0765642374754,1170.0456566922367,1523.7813020050526,1335.9863866642118,2242.759765677154,2364.1087743788958,1445.0224181562662,697.7083098441362,1684.5656381696463,686.0343427285552,568.5277892500162,1162.7647400274873,1434.5913131162524,1170.9557875320315,1028.0066922605038,3542.237684495747,3195.6502909958363,1064.6489889547229,1174.2271306961775,955.3993338644505,1896.9368014261127,1050.4310424178839,1280.668575644493,1022.3421770632267,948.3898794054985,287.0084991902113,1132.4807733595371,887.9298771396279,988.9664813652635,886.5734427422285,925.7251437827945,666.878550209105,762.179123133421,1273.2875564470887,918.4882057383657,429.745903596282,626.3471871614456,849.2070426121354,614.5704614147544,824.1743498668075,411.90878557413816,original
17,9811.049292981625,5164.908420801163,4173.982905626297,2267.8515127897263,3526.4430091381073,3024.9163938760757,1493.1333087682724,1410.1069351434708,1625.888948559761,953.3599925041199,1631.1023421287537,1974.1279483437538,1884.6637741923332,2054.259965598583,1755.9184325933456,2132.5920975208282,454.3971166610718,2742.573755145073,662.1495180130005,1241.458530306816,880.0760787725449,984.7750155329704,1063.6881501674652,1575.0695394277573,1418.7087236642838,3623.2124163508415,567.6839814782143,558.8595289587975,368.7079983353615,773.1260418891907,1233.7821390032768,447.48274970054626,739.002188205719,765.179283618927,1844.7816531658173,283.9416255950928,695.781689286232,584.0670071840286,963.327067732811,1764.22835201025,781.8251576423645,1019.3499771356583,1244.1115500926971,1075.289514183998,285.9419159889221,417.1943795681,202.701056599617,1016.9795925617218,315.2429200410843,567.097776055336,original
18,8345.11363838613,2834.0263489708304,5659.951455490664,2993.061325073242,2415.092980340123,2602.738824799657,3886.165983285755,1382.4511742461473,3053.9021389186382,1973.3552568294108,1694.7120927423239,1510.882286079228,1350.571587715298,1178.9368097484112,1910.777566967532,2338.3149077519774,1086.866559445858,2363.781930349767,2028.969249105081,1231.9960341397673,1557.2411876767874,1834.19006790407,1075.921794462949,1482.2758678942919,1546.2782477047294,1284.089872378856,1116.9058908112347,866.5020686835051,812.501982530579,1863.1732398774475,958.3160820044577,1001.4031873010099,593.5451906993985,670.2692620716989,500.6109975576401,889.476575659588,814.1899198889732,1209.0430081114173,839.1356672346592,702.3828967027366,1156.6261947900057,864.4432640261948,947.029627058655,977.6432548649609,817.3846117854118,427.1611217968166,920.4786523282528,712.6022573579103,702.1713347174227,591.4292681291699,original
19,11309.018962860107,6577.260021209717,3742.558307647705,2755.679973602295,2789.6077308654785,2056.325897216797,764.7750244140625,1309.7567977905273,3003.576183319092,202.96099853515625,1785.7246704101562,1009.988410949707,216.67100143432617,102.27410125732422,340.0421028137207,297.1009063720703,669.8028869628906,303.5986022949219,299.71500396728516,105.86499786376953,79.40999984741211,357.27099609375,34.70830154418945,53.309600830078125,709.9660987854004,771.7920913696289,307.3508987426758,0.0,55.160701751708984,0.0,36.108699798583984,0.0,0.0,173.26290130615234,0.0,0.0,78.06129837036133,0.0,0.0,0.0,257.80380058288574,0.0,0.0,37.19879913330078,0.0,0.0,71.62799835205078,0.0,0.0,182.46770095825195,original
20,10510.497791290283,8185.8055782318115,8200.662326812744,2747.037307739258,2313.144313812256,1884.4169960021973,0.0,784.9577941894531,105.88969898223877,708.4864482879639,0.0,609.6050910949707,166.6466999053955,617.50710105896,506.3089118003845,191.99259567260742,409.45160007476807,205.65080070495605,658.6081972122192,15.737799644470215,214.04770183563232,32.670799255371094,893.1879844665527,239.2221827507019,115.46500015258789,0.0,672.3668031692505,123.85839891433716,222.7653284072876,249.5978012084961,129.39580154418945,0.0,72.41497039794922,0.0,22.488300323486328,0.0,80.61800003051758,98.0432014465332,16.410399913787842,21.088499069213867,0.0,0.0,52.573299407958984,0.0,0.0,0.0,0.0,160.77479934692383,0.0,0.0,original
21,10535.676155090332,5964.453453063965,5682.65495300293,4642.055114746094,2006.9296035766602,1252.93599319458,1942.3550109863281,1523.3174095153809,143.95700073242188,815.1850929260254,0.0,186.00389862060547,74.51739883422852,101.73969841003418,0.0,0.0,0.0,0.0,0.0,111.87679862976074,101.41060066223145,115.64550018310547,0.0,0.0,0.0,0.0,0.0,0.0,0.0,0.0,277.6879005432129,0.0,0.0,0.0,0.0,0.0,0.0,0.0,0.0,0.0,226.98880004882812,0.0,0.0,0.0,0.0,32.5442008972168,71.06079864501953,0.0,0.0,0.0,original
22,9347.975226402283,9422.579835891724,3619.507354736328,3143.51900100708,2031.372714996338,1053.0560131072998,390.8424015045166,1963.7358016967773,1611.15860080719,1838.5958938598633,0.0,807.8693246841431,170.62370109558105,258.7784004211426,311.8430517911911,144.73008489608765,408.76112508773804,378.5299015045166,888.2724981307983,212.36840057373047,758.1585283279419,432.5984992980957,807.265209197998,212.7657012939453,73.00689125061035,116.11629867553711,107.06850051879883,219.65297746658325,88.86564040184021,146.8813009262085,24.58329963684082,265.31950187683105,123.74789905548096,186.86410331726074,185.22370147705078,20.54960060119629,108.65445555746555,28.958799362182617,64.08999824523926,70.60009661316872,0.0,0.0,0.0,8.093449592590332,158.30669975280762,4.0816497802734375,471.4359931945801,135.02579879760742,0.0,0.0,original
23,9165.304595947266,6888.358692169189,4857.019958496094,3750.7549629211426,1647.2813806533813,1105.317008972168,1030.6800231933594,739.981499671936,0.0,43.539100646972656,205.03199768066406,958.7556991577148,1159.5149822235107,486.4376974105835,0.0,76.87769985198975,0.0,127.30220031738281,291.05549812316895,76.93570041656494,201.54419994354248,0.0,0.0,381.8890027999878,72.04429912567139,0.0,0.0,159.45160102844238,0.0,167.3765993118286,12.738300323486328,52.325300216674805,0.0,0.0,187.752197265625,0.0,0.0,0.0,72.1363000869751,52.04550075531006,0.0,262.1103973388672,0.0,11.613900184631348,0.0,241.1890001296997,0.0,0.0,0.0,0.0,original
24,9346.031133651733,4955.774990558624,7517.9027280807495,2549.276996612549,2232.8858213424683,1729.966151714325,532.8612041473389,931.9681949615479,2641.718605041504,1873.1577591896057,1881.769199371338,1116.6740503311157,1005.156361579895,2262.5176763534546,1114.7773880958557,913.0483736991882,796.7762937545776,1530.421971321106,1387.6712856292725,547.6197900772095,866.3219842910767,721.4546060562134,630.4794569015503,1000.4872331619263,1979.3940982818604,2865.133777141571,620.4218883514404,635.2788028717041,250.83490180969238,380.62919902801514,382.9283962249756,457.73399925231934,404.82269859313965,279.25140380859375,42.28179931640625,220.54309844970703,550.9861240386963,523.1478090286255,697.978931427002,644.3418941497803,571.1226005554199,731.8972034454346,260.18649768829346,422.6482992172241,107.15649700164795,512.7766923904419,193.52485179901123,157.55549812316895,626.9779987335205,321.0860004425049,original
25,12016.935128211975,3598.579578399658,3439.951602935791,2356.8893909454346,1464.5855140686035,2314.894320487976,717.3169860839844,1645.4294834136963,908.5798468589783,1528.7439972162247,2377.8160133361816,1012.5367517471313,138.456298828125,408.752876996994,536.8006652729528,700.2146654129028,479.15740394592285,607.3298015594482,853.8518056869507,419.8171920776367,144.82730197906494,109.69029998779297,173.1192970275879,295.6395094394684,143.2955026626587,68.08069801330566,228.88329887390137,183.19939994812012,157.67169761657715,130.67836904525757,0.0,321.2458324432373,142.57922214269638,39.200801849365234,0.0,226.37271356582642,24.5049991607666,0.0,21.717740058898926,61.17209815979004,39.8223991394043,59.33139991760254,0.0,81.46977233886719,46.08620071411133,30.009769439697266,18.538799285888672,0.0,71.59850120544434,0.0,original
26,12409.598714828491,7769.266075730324,7205.252723693848,2994.7447090148926,3815.0571899414062,1633.0172004699707,1142.4072895050049,713.7470932006836,104.13180160522461,356.6811981201172,771.0675964355469,0.0,407.33130836486816,415.4308967590332,178.71532076597214,128.2876033782959,103.06620025634766,188.18810081481934,482.28138637542725,45.34370040893555,81.30990028381348,0.0,94.57079887390137,0.0,631.5516090393066,0.0,0.0,145.23789978027344,19.024999618530273,98.10510063171387,0.0,122.54990196228027,113.93586778640747,135.74719619750977,0.0,50.97170066833496,183.5737018585205,0.0,0.0,0.0,0.0,232.31879806518555,0.0,0.0,40.101898193359375,0.0,0.0,0.0,0.0,0.0,original
27,14090.555730342865,5691.917552947998,3535.258857727051,1959.2270908355713,2313.604700088501,1335.8263912200928,62.890302658081055,1558.7239112854004,289.7110023498535,732.4899988174438,3668.7961349487305,272.5539970397949,555.1266975402832,258.8220977783203,152.37970066070557,381.6958980560303,194.58159828186035,173.50909996032715,176.89809608459473,620.8877048492432,173.76400184631348,514.2288055419922,955.6096954345703,186.9190969467163,125.35499954223633,298.5219955444336,320.95849895477295,134.79867935180664,19.40959930419922,44.83110046386719,183.71379852294922,89.36030006408691,22.321699142456055,16.59320068359375,0.0,157.6868028640747,150.6440019607544,33.628501892089844,0.0,129.11289978027344,0.0,102.04759788513184,118.31450080871582,0.0,0.0,109.27079963684082,344.8541946411133,159.48209953308105,0.0,0.0,original
28,10306.336521744728,7619.023885726929,5815.139812469482,2292.7186002731323,1887.458013534546,1660.9902782440186,362.1356010437012,1877.630599975586,1688.2925243377686,1740.610831975937,705.4103946685791,542.5118980407715,480.21629524230957,530.1102981567383,521.5980817079544,388.66919326782227,281.99794149398804,382.74199962615967,1107.2462091445923,718.0100631713867,441.780348777771,366.87321853637695,914.2857990264893,367.040301322937,149.50758171081543,0.0,283.5491952896118,30.166969776153564,218.15550422668457,59.523399353027344,71.52659797668457,284.90320587158203,376.4940179884434,481.18130111694336,45.56949996948242,171.31924349069595,199.82047829031944,18.71339988708496,147.46270084381104,126.61250114440918,479.9738006591797,0.0,213.07920169830322,141.44919967651367,110.88009929656982,36.570000648498535,18.58880043029785,16.304899215698242,178.68985223770142,13.715999603271484,original
29,10013.49386882782,5909.043109893799,4074.7343851327896,3172.325291633606,1162.4651107788086,1712.7287466526031,142.79800415039062,787.9666948318481,1152.0994129180908,681.8859872817993,40.893798828125,537.518102645874,561.2326126098633,192.98549842834473,549.6486722826958,438.1039705276489,271.92540168762207,321.895601272583,813.0203075408936,205.05595588684082,82.49449920654297,307.3925795555115,963.3835048675537,109.94459915161133,188.70789909362793,0.0,231.6401023864746,122.05099868774414,406.13670539855957,0.0,0.0,0.0,367.3327383995056,87.41687330720015,88.51409912109375,38.87210965156555,55.924899101257324,104.08919906616211,90.11050033569336,84.90760040283203,45.69369888305664,18.796600341796875,18.60540008544922,15.716400146484375,176.95509910583496,10.890270233154297,0.0,0.0,68.32209968566895,0.0,original
30,10965.133398532867,6057.422402381897,7163.977353096008,3780.0035037994385,1556.801908493042,2411.6789442300797,2857.6551151275635,1915.0697846412659,86.40062999725342,1382.9228110909462,38.09000015258789,417.9718451499939,648.6191024780273,570.9052605032921,595.5850258767605,261.80284106731415,162.28638887405396,314.5157299041748,610.6981377601624,547.3868999481201,813.2597774267197,642.1014556884766,157.86579990386963,109.38540935516357,322.69932556152344,631.5383939743042,502.2555241584778,314.34455847740173,223.87079846858978,183.55474638193846,1271.9705181121826,251.61343097686768,472.04634642601013,410.0136170387268,392.4870014190674,194.5112009048462,217.80381727218628,174.28596925735474,242.7509549856186,144.23471927642822,234.00220108032227,481.8729019165039,796.514764290303,53.51798892021179,12.9375,131.77051973342896,0.0,235.44019842147827,0.7859479784965515,144.61968898773193,original
31,7994.965576410294,2817.14732170105,8377.705505371094,2690.560290336609,2671.543617248535,2112.545709967613,2429.755500793457,1596.510097503662,2218.6856441497803,1317.8631467819214,411.79609298706055,613.8056049346924,372.060998916626,521.5247440338135,626.1383728981018,457.9164683818817,616.9699182510376,1313.3378982543945,530.7115001678467,596.5900974273682,410.1435546875,350.84737610816956,829.5568904876709,233.59815454483032,20.844160079956055,291.9090938568115,328.4077968597412,31.140861928462982,337.6490306854248,213.574209690094,106.12260055541992,161.5321979522705,114.03755903244019,539.5997018814087,118.48650360107422,35.441200256347656,150.42467239499092,0.0,108.25522923842072,231.5313262939453,31.601200103759766,564.982292175293,155.47470092773438,493.6561760902405,0.0,32.63222026824951,78.10459899902344,27.703399658203125,109.32100296020508,0.0,original
32,11080.910591125488,4244.370460510254,2312.7392139434814,3304.8311920166016,1777.7518768310547,1825.4569931030273,4850.566986083984,725.591890335083,0.0,485.3216953277588,2436.3130645751953,807.5690765380859,205.3207015991211,183.0146999359131,96.46630096435547,641.3225860595703,0.0,0.0,0.0,0.0,699.5558032989502,20.553600311279297,0.0,0.0,0.0,16.066299438476562,97.22139739990234,207.82899475097656,0.0,0.0,80.29619979858398,0.0,0.0,506.26160049438477,0.0,0.0,0.0,35.837100982666016,0.0,0.0,0.0,0.0,0.0,0.0,48.88090133666992,0.0,28.243600845336914,0.0,0.0,0.0,original
33,7573.402971688658,3345.721374720335,3849.01262543723,1957.8109859311953,1221.7096581347287,906.0104780206457,4242.297004977241,554.6569521930069,3331.4147683102638,827.1969142220914,3828.487758857198,1665.074480265379,1420.228210172616,1103.4149380652234,2318.9421952413395,1574.6824511513114,694.5463476357982,2900.4218160174787,1998.668219530955,1864.4292766135186,2240.834019411821,457.5213085990399,548.3535745404661,1024.0177387706935,2367.905169956386,5153.330240406096,624.5449356548488,1515.8102056216449,1523.2732695955783,1800.5406943559647,1346.0313477478921,622.4434299990535,3266.814898488112,612.1760158613324,1164.3817859627306,908.553657349199,590.151302902028,730.4957334985957,2099.7085509654135,1496.8121202951297,693.6329931272194,1107.193860962987,625.2914658207446,1195.2000490631908,1273.4961790964007,502.0958778318018,1071.8641277849674,841.8647031914443,725.0815156036988,1001.862894302234,original
34,9229.363571166992,5109.971599578857,5942.020820617676,3322.850690841675,1388.2330055236816,2125.801486968994,4866.52428817749,176.0093002319336,1500.2559204101562,77.61059951782227,2358.6594982147217,99.92409896850586,303.7381992340088,201.89290046691895,0.0,76.53359985351562,0.0,114.22560119628906,0.0,0.0,0.0,0.0,230.191801071167,566.990406036377,90.70960235595703,112.54330062866211,0.0,27.332599639892578,0.0,0.0,162.38010025024414,0.0,18.889699935913086,0.0,102.07150268554688,0.0,0.0,68.5438003540039,0.0,0.0,124.78230285644531,0.0,0.0,89.2660026550293,0.0,0.0,0.0,133.19140243530273,0.0,20.36280059814453,original
35,7549.882965087891,4678.839002609253,7261.4241371154785,2836.620710372925,2632.0688915252686,781.1531066894531,974.0342903137207,1414.1767177581787,1024.1257057189941,1917.3906059265137,1144.4122009277344,1147.8992919921875,1871.8547115325928,675.9619045257568,1093.215898513794,356.24909591674805,27.77090072631836,1057.7406978607178,112.24120330810547,325.00440216064453,642.5285911560059,364.0041027069092,810.2323932647705,1996.88480758667,2048.7326984405518,3529.238109588623,529.1326923370361,726.1887073516846,220.5136013031006,367.54880714416504,209.1841049194336,312.19480895996094,340.3362007141113,574.4307880401611,1296.907808303833,479.85269355773926,0.0,425.6956043243408,783.8964977264404,793.17600440979,83.2078971862793,209.64909553527832,475.87078857421875,506.66209411621094,195.93370056152344,178.17230033874512,161.1132984161377,406.57140350341797,466.6643981933594,288.21729850769043,original
36,12969.661915779114,9253.309785842896,4147.905662536621,2256.951910018921,2508.6612911224365,1363.7646237015724,489.8797950744629,631.4702911376953,2188.249408721924,512.7437028884888,933.6775074005127,690.1528949737549,580.3179950714111,258.3393020629883,488.9329731464386,233.1203966140747,308.8784942626953,335.50850105285645,825.3447971343994,125.49980163574219,117.12149047851562,72.27569961547852,247.0816993713379,89.04869937896729,0.0,706.8800954818726,307.62569999694824,109.83629786968231,334.6492214202881,168.5138397216797,0.0,344.15850257873535,47.998199462890625,250.57200241088867,84.60500144958496,133.55110263824463,221.15489768981934,247.19520378112793,169.7475996017456,0.0,99.17709922790527,48.70859909057617,80.85540008544922,17.762699127197266,725.0869083404541,219.20359992980957,0.0,22.864299774169922,0.0,150.10149955749512,original
37,9265.532787442207,9485.763256072998,4673.462715148926,3435.409320831299,2416.980625152588,1303.8809971809387,325.3755912780762,2320.1783084869385,51.09108018875122,1047.6984119415283,174.14470291137695,420.5615873336792,213.86549949645996,0.0,385.5626587867737,351.057297706604,306.0353946685791,86.71610260009766,195.99920082092285,303.1235046386719,189.23614156246185,246.62900161743164,216.50180053710938,153.0761013031006,282.65880393981934,143.69109344482422,0.0,154.70791745185852,151.32068920135498,38.442298889160156,0.0,193.44740104675293,54.13240146636963,100.79659843444824,0.0,44.96870040893555,70.78830146789551,0.0,91.16776967048645,0.0,124.36400032043457,35.53450012207031,118.60889911651611,0.0,16.697399139404297,0.0,0.0,0.0,30.09980010986328,0.0,original
38,12752.552887916565,7013.603484153748,1408.3372841682285,2548.3850955963135,2954.534507751465,1227.5730333328247,157.7222023010254,237.6281976699829,841.7672929763794,203.50772285461426,1624.9328174591064,695.7849998474121,299.6809968948364,383.29699897766113,1295.532237008214,236.9161434173584,206.8889980316162,287.91699600219727,151.0059986114502,766.1033945083618,734.807026386261,21.3193302154541,84.9247989654541,403.5009444952011,744.4047994613647,212.0258026123047,324.335298538208,121.5356055945158,689.4151065349579,121.36388206481934,22.120100021362305,108.04699897766113,154.7637391090393,88.93370056152344,0.0,55.931859254837036,47.132598876953125,16.529399871826172,66.40419960021973,27.35409927368164,0.0,234.81960201263428,72.71249961853027,74.39359855651855,329.6262950897217,72.66259956359863,460.34239768981934,0.0,34.889801025390625,0.0,original
39,7744.043365478516,6644.4399609565735,4332.719173908234,2880.063467025757,2026.465732574463,1902.2958059310913,1177.8568716049194,574.4712905883789,1887.5322551727295,2317.2284569740295,1017.0422444343567,1780.7137460708618,1234.9448504447937,1241.3069286346436,2209.749620437622,1522.66548204422,719.1676716804504,5037.559209346771,405.89614820480347,594.703964471817,1823.0018773078918,715.2275037765503,673.1052403450012,1347.6573214530945,500.66572523117065,2808.03835773468,1156.5924398899078,662.7256648540497,498.6793968677521,1042.1095724105835,906.5862188339233,678.7963190078735,310.9422116279602,800.8910777568817,886.3794388771057,672.3736343383789,481.0887007713318,784.6597728729248,733.232800245285,433.4314670562744,437.6913352012634,382.1518578529358,1105.3644480705261,622.9474542140961,281.6064991950989,1256.4768733978271,606.6237306594849,916.903621673584,280.0001711845398,447.4962887763977,original
40,10029.234880924225,6347.905788421631,2653.513135910034,2710.6646976470947,1996.1366329193115,1476.5154190063477,790.9049987792969,196.82159805297852,179.69039916992188,333.468478679657,527.5257968902588,352.9254480600357,65.09910106658936,321.47480392456055,366.84091567993164,12.78909969329834,408.70350074768066,201.9162998199463,328.72389793395996,42.32450008392334,145.0655002593994,16.042699813842773,0.0,299.97418308258057,79.5196008682251,114.60860252380371,41.723899841308594,153.62405800819397,19.882660150527954,74.57170104980469,168.6863021850586,121.96899890899658,13.695699691772461,47.108999252319336,0.0,83.80865025520325,0.0,28.61359977722168,0.0,0.0,0.0,0.0,137.25930404663086,6.9027299880981445,527.0353050231934,0.0,0.0,0.0,0.0,0.0,original
41,11707.061655044556,4982.867648124695,2201.174684524536,2751.6446113586426,1156.9978113174438,935.1139068603516,3298.707790374756,352.29609870910645,42.202500343322754,251.8093023300171,5138.17907333374,331.8848009109497,701.9306945800781,492.47730350494385,38.08579921722412,0.0,1135.7169017791748,546.6584959030151,307.0816993713379,124.54139995574951,405.0444002151489,63.836899757385254,818.2991046905518,0.0,48.56340026855469,394.2482032775879,0.0,69.43130111694336,0.0,0.0,12.26159954071045,0.0,0.0,0.0,0.0,0.0,0.0,663.8067007064819,107.93240165710449,187.3754005432129,335.1082992553711,85.79239845275879,0.0,291.3433027267456,1178.455506324768,141.92109870910645,75.68980026245117,11.904000282287598,0.0,238.79669857025146,original
42,8730.02510023117,10255.935009002686,2380.786401748657,2965.919589996338,1216.7621021270752,1218.4485082626343,844.6569900512695,457.229305267334,519.8825988769531,1561.4425175189972,225.59050369262695,820.3544902801514,556.511302947998,876.2569980621338,211.33599197864532,183.54312074184418,340.8049039840698,354.88269996643066,488.80690002441406,282.6187973022461,90.85250997543335,297.7218670845032,27.666900634765625,76.90244087576866,239.198899269104,740.5043926239014,92.47039794921875,0.0,73.08597046136856,416.32989501953125,94.99409675598145,406.86640548706055,166.77364826202393,346.4926013946533,351.8775997161865,125.15096998214722,57.69919967651367,70.80130195617676,16.628000259399414,239.2641944885254,41.878299713134766,58.72354030609131,25.09320068359375,51.53880023956299,103.04180145263672,59.74759864807129,27.807499885559082,64.34170150756836,0.0,27.223800659179688,original
43,8346.506219863892,4357.663186073303,5082.474517822266,3424.7421741485596,29.677940368652344,2306.0438175201416,1625.624984741211,1079.6189002990723,413.59325885772705,152.72537994384766,593.9152221679688,106.59603977203369,425.6249780654907,356.5565938949585,163.24798107147217,8.953470230102539,8.337849617004395,502.25274181365967,25.901820182800293,568.8365831375122,277.2689914703369,41.192200660705566,1056.8932905197144,62.393731117248535,0.0,77.19215965270996,61.567349433898926,11.375900268554688,0.0,879.803957939148,0.0,0.0,48.382110595703125,8.142180442810059,18.64137077331543,0.0,0.0,339.77684211730957,217.7400016784668,218.5663080215454,72.74360084533691,0.0,0.0,281.83945178985596,237.41419982910156,0.0,0.0,117.23453998565674,0.0,67.21889019012451,original
44,9261.166962623596,2091.1550788879395,4611.490793704987,2286.0009846687317,632.8154983520508,1350.7275886535645,1740.3845686912537,1089.679295539856,1937.1173771619797,703.4724941253662,51.079739689826965,389.53819465637207,436.77979850769043,160.84072923660278,245.73477923870087,146.41197168827057,183.58625173568726,321.8138992190361,192.77449989318848,286.6322965621948,42.981200218200684,202.60815751552582,65.51169967651367,168.58366703987122,302.56850814819336,72.0552978515625,38.37803077697754,40.36349868774414,124.46736121177673,231.62913179397583,0.0,84.85401052236557,198.33699798583984,343.02066564559937,126.66900253295898,116.49230003356934,145.64351969957352,15.951700210571289,138.0374412536621,30.56730079650879,97.6919994354248,23.694400787353516,109.21819972991943,0.0,46.03510093688965,9.809320449829102,0.0,90.29680156707764,238.3228988647461,0.0,original
45,8858.948266029358,4889.865900039673,4556.668029785156,3143.2045726776123,2745.904577255249,1390.0118894577026,6097.7449741363525,507.9454917907715,611.9146003723145,119.75649738311768,1970.7192163467407,63.77909851074219,757.5212936401367,28.735300064086914,65.46619987487793,130.21730041503906,621.2331953048706,805.3566961288452,246.05839920043945,483.06760120391846,774.4756927490234,22.532599449157715,44.15390205383301,65.12090015411377,174.87939929962158,222.03480052947998,167.11349868774414,0.0,55.46890068054199,0.0,48.933799743652344,0.0,182.3883981704712,0.0,55.70900058746338,0.0,22.306400299072266,255.61870002746582,10.401399612426758,21.23539924621582,32.82670021057129,23.912399291992188,0.0,511.23230171203613,0.0,52.52340030670166,64.176100730896,73.52470016479492,0.0,587.0627021789551,original
46,12400.509685516357,7766.426232337952,4092.520044326782,3932.6985187530518,1327.6462097167969,1959.5496683120728,266.09949493408203,85.14709854125977,196.17780303955078,513.1438140869141,35.337398529052734,143.64344882965088,573.4696979522705,431.275203704834,244.85491108894348,425.024338722229,294.8948084115982,108.2677001953125,165.3634033203125,80.82429790496826,0.0,150.1605987548828,601.6328086853027,340.4429016113281,36.23990058898926,25.88290023803711,103.18939971923828,421.9220027923584,12.038900375366211,133.8332986831665,269.17490005493164,44.7317008972168,72.19840049743652,0.0,278.74400329589844,71.37100219726562,43.258100509643555,92.8246283531189,47.20610046386719,0.0,45.46900177001953,66.48659896850586,0.0,140.77050018310547,0.0,194.64119911193848,0.0,0.0,0.0,0.0,original
47,7327.214153289795,4884.809948921204,3988.037981033325,2323.8352012634277,1413.6975889205933,1632.9146943688393,1440.3599753379822,685.2379896640778,838.465535402298,2122.7966792583466,608.5069723129272,710.7388539016247,874.4345026016235,443.53612875938416,331.4959821999073,1021.8139400482178,331.31551691843197,396.77519154548645,200.55779933929443,713.8894324302673,431.57954255864024,585.8412202298641,301.90439796447754,166.36111730337143,527.1483120918274,410.63729095458984,110.18659782409668,256.92206984758377,204.86759853363037,141.25942933559418,167.38259887695312,299.7827789783478,303.49541330337524,467.08807373046875,81.53780174255371,298.6152539253235,243.25650811195374,369.0223221629858,86.03197121620178,173.45497798919678,37.73749923706055,85.68284749984741,138.92164039611816,111.01831221580505,4.996679782867432,48.57719898223877,19.68559980392456,123.04959869384766,144.87864923477173,35.575700759887695,original
48,10849.224775314331,5649.288105010986,5287.149031877518,2584.851915359497,1725.0129609107971,1817.471502661705,1098.013596534729,2643.522150039673,2692.5634977817535,1431.5747561454773,1645.254898071289,689.8550688922405,461.25716972351074,387.80941009521484,468.94154661893845,604.5844664871693,543.6480016708374,999.7997789382935,1580.2328081130981,289.2792320251465,183.5098838210106,559.0390107631683,438.3919053077698,658.6092195510864,589.0586996078491,627.0890121459961,1728.0098037719727,148.78691291809082,153.8066987991333,305.3515102863312,201.9535026550293,328.61560249328613,296.03428161144257,163.8880000114441,920.3841876983643,75.1235899925232,231.8858207464218,110.44064784049988,56.22054958343506,137.51959609985352,490.2257022857666,306.8972806930542,191.15611219406128,89.89203667640686,56.16650104522705,91.06421223282814,423.8086967468262,9.357890129089355,76.87660026550293,229.10312938690186,original
49,7236.230862855911,3375.922454595566,3014.2444367408752,2076.3081917762756,1233.4219529628754,911.6053403615952,3743.2658175230026,742.8073862791061,3641.8533194065094,1433.2420983314514,7289.016625881195,2025.409492969513,1415.352941274643,411.43539571762085,966.7814979553223,1296.9672391414642,686.3896622657776,2923.705851793289,805.7470259666443,822.2579175233841,915.4619753360748,866.3738242387772,320.7381868362427,702.7074311971664,1329.643706560135,3291.31049990654,137.7818193435669,1008.9021534919739,1028.550085067749,768.298101902008,1243.399983882904,523.7900583744049,2315.282570004463,349.8214740753174,791.6166354417801,543.7303030490875,183.99180042743683,337.942747592926,974.6053137779236,412.5495163202286,150.85499000549316,915.5089061260223,343.4972562789917,290.80627727508545,526.599770784378,367.35996890068054,732.54341173172,1056.8684804439545,376.86808156967163,766.7232389450073,original
