,dmq_cope_2,dmq_cope_4,geschlecht_kod_male,dmq_cope_1,upps_ur_5,upps_ss_2,upps_pe_5,ffmq_ob3,upps_ss_4,upps_ur_2,ffmq_ds1,ffmq_ob2,ffmq_nr7,upps_ss_3,ffmq_nj4,ffmq_ob1,dmq_cope_5,dmq_cope_3,ffmq_ds4,ffmq_nr6,upps_pm_5,upps_pe_1,ffmq_ds2,ffmq_aa2,upps_ss_5,ffmq_nr2,ffmq_aa3,ffmq_nj1,upps_ss_1,ffmq_aa4,upps_pe_4,upps_pe_3,upps_pe_2,upps_ur_1,ffmq_ob4,upps_pm_4,upps_pm_3,upps_pm_2,ffmq_nr3,ffmq_nr4,upps_ur_4,ffmq_aa1,ffmq_nr5,ffmq_nj2,ffmq_ds3,ffmq_nj3,upps_ur_3,upps_pm_1,ffmq_nr1,erwerbstaetig_sub,Data
0,0.1146682751582033,0.08385783051520854,0.08597598450242744,0.04879949295218807,0.022358002908523366,0.00942488872849353,0.012503717947347203,0.002041582564708588,0.0026111123408141257,0.0006311899402926646,0.0,0.0,0.0,0.0,0.0,0.0,0.012845036111795804,0.0,0.0,-0.00021881481672239022,0.00036132009942534403,0.0,0.0,0.0,0.0,0.0,0.0,0.0,0.0,0.0,0.0,0.0,0.0,0.0,0.0,0.0,0.0,0.0017724580994458393,0.0,0.0,0.0,0.0,0.0,0.0,0.0,0.0,0.0,0.0,0.0,0.0,original
1,0.11578922632550288,0.11913667187305818,0.02785408485995581,0.05649844939531875,0.011856482008970104,0.002154769512806498,0.014986649576902733,0.006325558690997634,0.00570406807769216,0.010275437948990895,0.0007587362298483224,0.012380707615059595,0.002543199853698641,-0.010712669956706588,0.009481271400738145,0.0,0.0007633829972945927,-0.000816054620597062,-0.0005730506190641527,0.0,0.0,-0.0017865289412187346,0.00042906897347766426,3.870147455383721e-05,0.00032271985170794214,5.8848520829080096e-05,0.000598701312344907,0.003222517663579305,-0.0026851489332062163,3.350722451153088e-05,-0.00011672426322255625,5.952908143379565e-05,-0.0002461066222825936,0.0,0.004330803726823163,-0.0004056625515502565,-0.003853187955240123,0.0,0.00013271916135947358,-0.0006974050520750397,-0.0003665915877946957,0.00027496951087616626,-0.006586412419075005,-0.0002366592153324243,0.0010734486571021828,-0.0018186793631430054,-7.263480071008077e-05,-0.0004776543693765678,0.0005343426313895727,0.0021727187923838544,original
2,0.062089204141121755,0.029476606963236583,0.035840815646205545,0.015083260929576726,0.009922878834856753,0.006090093387554096,-0.0049176925453415345,0.00047436950837287384,0.015794717811816107,0.010103743743712224,0.013950128395743878,0.0006048232898127837,-0.0020021237261219627,0.00023009172288945834,0.010043577631679202,0.01112315421831731,-0.01956525618029754,0.0031116853432236803,0.0038359229930735816,0.0015788099397264221,-0.0010785850599852598,0.0016822952457514972,0.0006434259468055869,0.001546404744224883,0.0031491762941869617,0.002192215573792089,0.004053695820477221,-0.004658339086852137,0.0015985634823258543,-0.001374584877609031,0.0030786040578875684,0.002596610314134884,-0.0027230067802808565,-0.002822488984080662,-0.002424560558170685,-0.0007914494738052502,0.0011568386825995258,-0.0012759815148488784,0.0014620340166295986,0.00017713089702007246,0.005447418954023686,0.002366291466514581,-0.0024456457775715703,-0.0014791990390782938,0.0021892085840008015,-0.0015870510527099424,0.002061097111164656,-0.00016646980230401455,-0.0022146992013972857,0.0013399204940752862,original
3,0.14007357390286712,0.10103627366059198,0.04320054539941337,0.05027569750691868,0.02475281656559023,0.0075137135382132405,0.012631625915114974,0.011588088123706286,0.0010027884704772783,0.004196964151429649,0.001373742575581105,0.0006915146890162704,0.0008507538764820022,0.0030838907952013273,-8.404641625325837e-07,0.0005932546860955012,0.00025254967382301043,-0.0007281728001488408,0.002532053802122125,0.0006186884523918356,0.001036797175601989,-0.0001582217271833497,0.0,0.0,0.0004338410895275424,9.540337574118763e-05,0.004979380297793923,0.0001370070027598036,0.0,0.0008857078326268697,-0.0008161559930622841,0.0,0.0,0.0,0.002523543492539615,-0.0005124347877096813,0.0,0.0,-0.0005203712618676359,0.0,-0.0003918367507714793,0.0,0.0009190190136944332,-0.0016971396476938682,-0.0018844464891044188,-1.743620114799116e-05,0.0,-0.001443621936562256,-0.0005604296979478174,0.0005062894081230507,original
4,0.08778704577938233,0.0720368151081598,0.05223527049861367,0.05166950741574976,0.01745591756974546,0.00805942080048352,0.010571405485594276,0.0025230693555327033,0.006048165797770688,0.003520018343240694,-0.0007700628066884318,0.005708632672382507,0.0030604538276482462,0.004938714961648405,0.001024903865853799,-0.0004258999838791744,0.005859197229757607,-0.0006893911566071776,0.0007656409685012355,-0.00013954722974510725,0.0,0.0009944622105419686,-0.0013264883140682304,-0.00038593224905950627,0.0012423829292609102,7.541421396750625e-06,-0.0012679502411777955,0.003561552008118918,0.00025498057251904793,0.0010516512448019767,-0.00047363053042072113,0.0,0.0,0.0,0.0002533892071891031,-1.7810507929238993e-05,-0.0002462181323811596,0.0006382361508007861,0.00034218530689944515,0.0010148688164601683,0.0004925760786467115,-8.159508414333772e-05,0.0002820928272256995,-0.0012024202816448225,0.0009341427225410647,-0.00051991024372392,-0.00013894034921783094,0.0011901007369152228,-7.496311684377366e-05,-0.00017027032588117218,original
5,0.2021882396382204,0.04084054344781566,0.0271484204849071,0.04063568585287282,0.01685928592608076,0.003956244160295086,-0.01572002810488332,0.00911530690627559,-0.0017935555794927783,0.006109420677433241,0.030504179055987613,0.0009359398366405314,0.006117225272864712,-0.011665037958050684,0.0006737146011267847,0.013530080818545554,0.003256946873112121,-0.0008859261093774107,0.00028894375188046604,-0.00010595546245587562,-0.0048701048608929655,0.006412718113639459,-0.007318017288009349,-0.00020342443182875815,-0.00105139729510213,-0.01625735355223463,-0.008306508842890182,0.002395299216658009,0.0010423136560677392,0.0012976217481140528,-0.0006529111618532091,-0.000847602945287318,0.0035654910023861343,0.0011059377547475325,-0.012816212046051744,-0.00501783416533067,-0.0014079601310827527,-0.005642143931886656,0.0002812352319839451,0.0014644094229620541,-0.002201284635314693,0.0008103445798810727,-0.0003245416453725447,-0.004305532430423353,-0.0044621516649432594,0.004676552329325156,0.002013792230735356,-0.0012686703682106004,0.0017361309071881159,0.001589330028544811,original
6,0.08451576286093257,0.03909323566837954,0.03954238480011457,0.029249394082921022,0.018763732805885648,-0.0008652065366305806,0.0,-0.0032555698850234016,-0.004607896086014673,0.0008820962020956502,0.003313858404658332,0.0006880817674189798,-0.00033196872367434737,0.0003968532370407951,0.0006365185746233127,0.0015051391165954663,0.0,0.005417341053531944,0.0,3.161125252775232e-05,0.0,0.0,0.0,0.0,0.0,0.0,0.0,0.0,0.0,0.0,-0.0004886230730041686,0.0,0.0,0.0,0.0,0.0,0.0,0.0023405744494527704,0.0,0.0,0.0,0.0,0.0,0.0,0.0,0.0,0.0,0.0007489662947456788,0.0,0.0,original
7,0.12738600512098494,0.055418630958659086,0.04228461857292994,0.03333111282295139,0.010631892104626428,0.019023819506130534,0.009662784513533695,0.00860986865236455,0.0037054235256932743,0.002406019027908035,0.004185565412233283,1.6012711031043737e-05,0.004373991313519343,0.0026033942140077037,-0.0011988645602311943,0.0,0.00016076855210793716,-0.0004285206454799462,0.0012464682184637366,0.00012710088295897481,-0.0016797973935446463,0.0002763457629587851,-0.0009725306826324443,-0.0014293806652139307,0.001651588738325349,7.082678957398558e-05,0.0025522107179961617,-0.002530215770391897,-0.00014750422421666576,0.0,-0.000722491423367766,0.0,0.0,-0.0002652192360959482,0.0016877074750295984,0.0,0.0003330740210063521,0.0,4.749993917322337e-05,-0.0006624165202490651,-0.0007658420703595903,0.00032159998457592653,-0.001345608309277002,0.0,0.0011567126658532767,-0.0011109174429304702,0.0,0.0008687787166027471,-0.0002780726799397115,-0.0020796340895825383,original
8,0.11139888179798985,0.03248374061053744,0.13777636237942972,0.0436738568493232,0.023671747743284142,0.01051379598926513,-0.004906578769148617,0.0066763512790606995,0.0036497574787225594,-0.0008996567902031183,0.0,0.0,0.0,0.0,0.0,0.0003599025970227321,0.001778263354491738,0.0,0.0,0.0,0.0,0.0,0.0,0.0,-0.0013647914328685728,0.0,0.0,0.0,0.0,0.0,0.0,0.0,0.0,0.0,0.0,0.0,0.0,0.0,0.0,0.0,0.0,0.0,0.0,0.0,-0.0012522206502360578,0.0,0.0,-0.0019675728698259733,0.0,-0.0014154684007232298,original
9,0.08527181088870174,0.08110759989317501,0.04069583169953671,0.026511290447510227,0.02815477389345191,0.00042202670784629025,0.011780229603121906,0.0011238267012675719,0.0016707946845489375,0.0038765815318021367,0.0013970703424373676,0.0050729937193598525,0.0011618929215335473,0.007611580508120575,0.001045169086953901,-2.991296794038201e-05,-0.0009236614791278575,0.0007105283891245317,0.0007716176836960132,3.0462175199907903e-05,-0.001377870033230122,-0.00012781639917383014,0.0,7.174560599146896e-05,-0.0011527986961224813,-0.00039346902634769255,-0.0007515702334564556,-0.009967894299903846,0.0,0.00037408963496458056,0.0,0.0,0.0,0.0,0.0012168647154519707,0.0,0.0,0.0,-0.002418777312722553,-0.0006891144715376774,-0.0003612974880978448,0.0013915349374704622,-1.3935959155342293e-05,0.0015105798590402952,-8.819143366306514e-05,-0.003397158014707524,-0.00023678934726405475,0.0016185073572259844,-0.00047136093445695473,-0.001272158761656672,original
10,0.0962779990381111,0.05556973215162654,0.03840024815488226,0.03190714082193432,-0.002618074892231026,0.026755337577541394,0.017702963177428654,0.002208325479165385,0.012306236407102466,0.002506873342845939,0.0055836498998965475,-0.0014887655695900782,-0.006702040950405641,0.00415611629440793,0.00016299485867996566,-0.005330225867093363,0.004064904944740965,-0.0009624762086508643,0.004650154339963086,-0.0007236189016496475,-0.0002449310749501832,0.0,-0.003611050522470094,0.0005567354266226787,0.0008864801660175559,0.00011339944688031345,-0.001464500158414006,-0.002789974228240721,0.0,-0.0012229398956587923,0.00021422138875037966,0.0,7.693314967112119e-05,0.0,-0.0009474875307471486,0.0,0.0,0.00014085027545202022,-0.004172780466849579,-0.001653200412819289,0.0008840362811796787,0.0,0.0016656258834150893,-0.002825259224979548,-0.004058776141551845,-0.015951501023087088,0.0003161734603364663,0.0,-0.0014549426431972323,-0.002869138854415321,original
11,0.07930634872377443,0.05649521777209574,-0.008735191211800686,0.04019611814659174,0.015245652566714308,0.005668667857950549,0.016218963590479273,0.0017064696330158057,-0.0016033366189834087,-0.000682012223718298,0.0012218385405070031,0.0012593766727176936,0.0021266003663917067,-0.0034092781389148175,-0.0009505317980484151,-0.0002086913777687882,0.014612759712429691,0.02440199905817313,0.0015870125943315161,-0.00037484450519098544,0.0007807133891681195,0.0,0.0,-9.218070866220395e-05,-0.001813030038792396,-0.0030571425449991254,0.0018254052266751253,-0.0009425515759502679,0.0,0.0,0.0,0.0,0.0,0.0,-0.019536002551106768,0.0,0.0022845500299489728,0.0,0.0011087976750676631,0.00023237825867566952,-0.0025545379572075254,4.673629764976317e-05,-0.0008814272240160292,-0.0009597749107425835,0.0,-0.000873260856358371,0.0,4.204264253732104e-05,-0.0009111618584324189,0.0007109208855927363,original
12,0.05302705890127844,0.10096300121963572,0.06929274263450347,0.012961882479041098,-0.003974544724657048,0.0023359994357243117,-0.008749841913090351,0.0010614340421075009,0.011602150371663011,-0.002788506305051908,0.0073273183305394675,0.0023681222216773157,0.0010752033846855968,0.0035232716590529512,-0.016677725523391786,0.0070809062095717355,0.00026757632704726975,0.0,0.003742348278033758,9.952333894733823e-05,-0.0008458557255208721,-0.00232432935934207,-0.00047464150592066987,0.0,-0.000880837090947828,-0.0012274254213649027,0.008832570965941412,-0.003169133625280385,0.0,-0.001432882274412839,0.0014407133759515634,0.0,0.0,0.0,0.00047861808193555566,0.0,0.0,0.0,0.0006036884483678895,0.00015527245040333204,0.0,-0.006220986518294158,-0.0009098507818254831,0.0,0.0,-0.0002030002746138071,0.0,-0.00040560029429707043,-4.022643160717099e-06,-1.2121719603708225e-05,original
13,0.11316477543514866,0.030286114333417758,0.060401557581186406,0.05555171941159881,0.009229094735446374,0.0005931797834115238,-0.011725444341354186,0.0009713326899239094,-0.005566947642905074,-0.017387010719819927,0.0,0.0,0.0,0.0,0.0,0.001007936798119813,0.00881056547844986,0.005438879781296546,0.0,0.0,-0.003181645187914062,0.0,0.0,0.0,0.0,0.0,0.0,0.0,0.0,0.0,0.0,0.0,0.0,0.0,-0.0008612912739242584,0.0,0.0,0.0,0.0,0.0,0.0,0.0,0.0,0.0,-0.011636598644501539,0.0,0.0,0.0,0.0,0.0,original
14,0.058516533477183164,0.07902513849016053,0.0433203892180468,0.01594248484222772,0.025627800718392102,0.006700461548040715,-0.0046173324398459895,-0.011049285598688396,0.00196649779651612,0.0022758675223387703,0.0006658067154730496,-2.559826850676572e-05,0.0010564604288129885,-0.0010292044639831134,0.003420043374113957,-0.0007401775005109745,0.004742056162486108,0.0008664657644349538,-0.0002862175239177533,-0.0007556910292017438,0.0008072577393963498,-0.0009538972586475402,-0.0004283742843727123,0.0,0.00020548177827650616,0.00038493156726421285,-0.005952704023518507,-0.0014684444671917319,-0.00023862206960220122,0.00019765901127276607,0.0,0.0,0.0,0.0005829115607444146,0.0,-0.001490092529370568,-0.0012993994713373814,0.0012508440556191491,0.0006228723894558197,0.0006964095942749493,-0.0004109997875505034,-0.0007321457623345129,0.00019745643445699955,-0.00044171513265834906,0.0002550932084437463,0.0013144980811840346,-0.0016654470767328178,-0.0018407292100828033,-0.0007817125292588379,-0.004481624463509426,original
15,0.06621225866346891,0.004858808093875633,0.056197605761280446,0.015745044024690225,-0.003722752712608912,0.003721173758892493,0.0026683287321941918,0.005677532731872747,0.0005528205142763087,-0.009508281574556677,0.0,0.005367160541110705,0.0,-0.00040499356429091193,0.0,0.003694041548375282,-0.006822861809810399,-0.002004023953410128,0.0,-0.009600826019502717,0.0,0.0,-0.0011802846472567462,0.0,-0.012485488758437102,0.0019800027563930955,0.0,0.0,0.0,0.0,0.0,0.0,0.0,-0.0009742020335363422,0.0,0.005488460145654417,0.0,0.0031776824100913205,0.0,0.0,0.0,0.0,0.0,0.0,0.0,0.0,0.0,0.0,0.0,0.0,original
16,0.059820242577232695,0.06300158563101285,0.013787455172944097,0.08616678444411462,0.020258340657820374,0.010238063505113104,0.016645264585861342,0.0029770177438929513,0.006462470209091964,0.03590793067479929,0.003743741387953603,0.0019142853715003571,0.0005187640005893113,-0.008668744391986028,0.0031691436866884137,0.015531518348846396,0.0004216270875401884,0.022391001529259845,0.0024107404182033497,0.004443152729214517,0.007778234346920388,0.01216855058485441,-0.00291474309707952,-0.0016659683211644682,-0.0033521009932168445,0.005904115085994121,-0.018736283555560274,-0.004305365475073997,-0.012493325677753353,0.000556516403797902,0.009124789803707057,0.00044339891327705995,-0.0007601354490386792,-0.001711521653004755,0.0012224355429369838,0.0014463025156443488,0.0023007646844032,0.003336174698496075,-0.004699571907043787,-0.005118681600137653,0.0011149645578729995,-0.007776209912284016,0.006417755985388407,-0.00861598178041878,0.003915823516367567,0.014900382156590309,-0.0036896078441808087,0.005927895339511169,-9.148225424633338e-05,-0.022207575171618123,original
17,0.12215540774548454,0.06687416689654321,0.0010710231073431387,0.04284262167002145,0.03216006664582023,-0.0022491692190636514,0.007931837249665253,-0.00010820318605664347,0.003937397988749036,0.012185226686498851,0.027610874946837238,-0.007940774204369106,0.005454115150467976,-0.006669840503892066,0.010773794819867243,-0.0068276321062027525,0.004410909884141667,0.01945558812231072,-0.008042970998148057,0.0009225363342216907,-0.010309218852431778,-0.003326305937314267,-0.0048308877945710815,0.0038412218575784697,-0.0025913643002570376,-0.012164842640618134,-0.009967947769481244,-0.00765308080203817,0.00742089577968551,-0.0034111960154689313,-0.003763481333100982,-0.0030765786771017488,-0.009326731539946597,0.0012086175798547206,-0.0036182576539549706,-0.010213953185346302,0.004548959669049712,0.0025593937248667873,0.0019372301249976464,0.0057656500585893,0.014722490643295649,0.006643856551097549,-0.003325046530081677,0.001088412576841169,-0.0066219007025933975,0.006975241816244426,0.002267806608152334,-0.015641662515662312,-0.009554967516913492,0.010332866968778064,original
18,0.08550099940865266,0.027389505552594774,-0.0008674571462026215,-0.0004332173963827679,-0.009790829477983353,0.006196316849209948,-0.011176153244907672,0.01081440164439934,0.017734473467602964,-0.0005439734435095156,0.01234595028591352,0.0032686421060850734,0.009333964285871276,-0.02119701791515074,0.01599445333928906,0.024375438634381207,-0.04052864384450679,-0.02999674776844663,0.004954202845229239,0.0016409894575638352,-0.011535175968869205,0.0023187004977449632,-0.011669246161206837,-0.01473588791630115,-0.0043971725255813054,0.0032924306775760524,-0.00871381565518987,0.0006370477989725232,-0.00442764096446957,0.007498463074000083,-0.0076531839132713995,0.0009797403330490395,-0.0011995136891681858,0.004566948538301463,-0.002721062849691458,-0.006464255150978459,-0.010863060988116336,-0.0010350146687999606,-0.011960820623712898,-0.004687811435608191,0.008314576470858304,-0.001982392603954142,-0.0077279677614002455,-0.029517157339495358,-0.004909368208974818,-0.00957935630070259,0.0018622841941502877,-0.005164508204925556,-0.0028951206780968076,0.0016739051821978545,original
19,0.021752699954507425,0.05471056652971425,0.03756466795552136,0.022798577587798997,-0.0019277407434668658,0.0019876244711561795,-0.010219451168052063,0.003269801652595372,-0.00043138344349524793,-0.02071097523256248,0.009791460789613982,0.002421318589346566,0.0014944878228855152,-0.003794035938516982,0.000991517804743558,0.009213001410185728,-0.003314251020830028,-0.011288468578933453,0.004025112701250888,0.0,0.00013976670744156872,0.0036331279567794915,0.0,0.00015243976923797752,0.0,-0.0005129856538499178,0.002705573185642496,0.00010865075539612246,0.0,0.0007009391535622966,0.0012789982867342786,0.0,0.0009466575087640261,0.0,0.0019018904018423765,0.0,0.0,0.0005887447497333498,0.0,0.0,0.0,0.0,0.0,0.0,-0.0014444602332652657,-0.010880734596516917,-0.005001023605866073,-0.0016487283749224702,0.0,0.0009013372914475126,original
20,0.08533213636887668,0.052710525993274526,0.08535704504440428,0.023655467997071224,0.019019614124064187,0.016630916834209898,0.008208308907449035,9.66968069124774e-05,0.002673452122041298,0.002351336208576993,-0.00015238413804857798,0.001701800186910285,0.006529423557352976,0.0012140915437074628,0.007960041351096037,0.0,0.0,0.0,0.005372243063710647,0.0006404166200874694,0.002706857925143702,-0.024190327359974718,0.0004434427850866118,0.0,0.00010046779927329608,-0.0007954666158866309,0.0004331125036354577,0.00023177331207340223,0.0,0.0009150226063027844,0.0,0.0,0.0,-0.0018147897984358674,-0.0019172842215067765,0.00029327630953525087,0.0,0.0,0.0,6.314779501238598e-05,0.0,0.00032642124683348597,0.0,0.0028922247652134357,-0.007206864541521718,0.0004857032251046056,0.0,-0.00017197084367647219,-0.00011690797290256905,-0.0015228456919514355,original
21,0.09441647910657387,0.08792296181214515,0.09072649805349925,0.028016083298936158,0.005731584712446924,0.002875120608602899,0.002116858476541872,0.0024146010687664645,-0.007636535793327815,-0.0005550530888979832,0.0,0.0031623289049561463,0.0,0.001202376014637596,0.0037218406605436403,0.0,-0.0007987802812897349,0.0,0.0,0.0,-0.002707856022816735,0.0,0.0,0.0,0.0,0.0,0.0,-0.004684993930749915,0.0003418604868329012,0.0,-0.003478527509373408,0.0,0.0,0.0,0.0,0.0,0.0,-0.004222910058432494,0.0,0.0,0.0,0.0,0.0,0.0,0.0,0.0,0.0,-0.0031103602783197903,0.0,0.0,original
22,0.14364859191695795,0.14874280457926164,0.026407706549799438,0.02814064594964173,0.01648368851478471,0.00039882511023293655,-0.0031713056666700322,0.00508750090763953,-0.0054044097834863416,0.0018020019090578376,0.008274270227713343,0.0024222199498423634,0.004254500888262336,-0.006363654327405122,-0.01470176351314082,0.000757206623376383,-0.0021859321162267186,0.0,-0.004294107790417878,0.00040284670657303456,0.0002072188298667954,0.0009038644707406007,0.0014178751926966272,1.698514517389782e-06,-0.002675517848328246,-0.0007957990843474927,-0.00047131473571666583,-0.0002701061171974106,-4.6348284924591086e-05,-0.00038968412535806963,-0.006876009738869792,0.0,0.0,-0.0008671651833842331,-0.004778318329382447,0.0022281906204247083,-0.0018399241159924196,0.0,-0.00014411625646726378,-0.00012408887431216708,0.0,0.0,-0.0021741906019800417,0.00019645737951906606,0.0005893279523884298,0.0012372780499906976,-0.0018440941544958455,-0.0016397087041118419,-3.84372558812518e-05,-0.0011793008285444161,original
23,0.10767268515722295,0.07376839804882121,0.04484072958840448,0.040078881005792835,0.023307743197894925,0.004233987136549333,0.01187431745970926,-0.014219339581023827,0.0018185273186437257,0.0,0.00213204660840659,-0.010232485502102085,0.0,-0.007007078152432056,0.004844807602129286,0.0,0.0021766577053416334,0.0001068263690257365,-0.003181974745692351,0.0,0.0007514412695326045,0.0,-0.0012267161650192926,-0.00023968563253344842,-0.0018462676898672314,-0.005928322364246142,-0.00047978693839169085,0.0,-0.0023158553961351025,0.0,0.0,0.0,0.0,0.0,0.0,-0.0010810122656755405,0.0,0.0,0.0,0.0,-0.0026109481993852103,0.0,0.0006302744875808508,0.00021854800612556292,0.0,0.0017546535594941347,0.0,0.0002787951871506489,-0.0014340008871697508,0.0,original
24,0.11231680958787485,0.06405947909450803,0.025341698193355678,0.0505943795853588,0.004959212455514716,0.0003359415746023942,0.005122819144476709,0.002304130193598397,0.006896381242672056,8.231648139653825e-05,0.01894451110950084,0.011091930176404363,0.014346420264237736,-0.0036051035031536395,0.013561884933314694,0.010331813347122553,0.0036373015231836005,0.008267469787796522,-0.006413090560702028,-0.0017362741823630623,-0.000556335101272154,0.004423683334765105,-0.00039915798886513976,0.0008525962247032503,0.00017884649575288235,-0.0062476815459760245,0.0070876441766006045,0.0012158050099740358,0.0025505563061893554,0.0010566943704216959,0.0010029967729532907,-0.002306007420451184,0.001780719677833198,0.0018212747414350305,0.0016764401434546828,0.001821540814370648,0.000101944799522935,-0.004257101792760265,0.0031647940942563626,-0.0013512339519059723,-0.003818208725557426,-0.0004928364709433808,0.005480875928138706,0.0035810435026419228,-0.0007844735691337923,-0.006049097337059972,-0.001889239269498222,-0.0011484828519800594,-0.00631341119571559,-0.0055797173880092425,original
25,0.056503025482859105,0.04551642197459397,0.041819284830721504,0.04723800105335209,0.017458168255400863,-0.0033345083359067494,-0.01285310932713848,0.0003870937905964489,0.010287571413432218,0.0059613951519074,0.006985887256952828,0.004368839119808132,0.005217174605449471,-0.00676152550263408,0.00035942382419414944,-0.0005468537186977485,0.006137910406709413,0.017190266038268186,-0.0032978946839721914,0.0,0.0,-0.0017706928614416805,-0.0008713396849451604,-0.0006702271982172881,-0.00287983282466181,0.001985297989907875,0.004055641548924138,0.0026068128396639968,-0.0012734802146480485,-0.00018696673591471756,-0.0004115407472198407,-0.00036820378984120383,0.0,0.0,0.0018236412978864802,0.0,0.0006739261672947583,-0.0014803673579035336,-0.003673788176486059,0.0013241298837557535,0.00043339445533083774,0.0,0.0005282966518068699,-0.0011099217364544556,-0.002054265761902585,0.0008886475204819777,-5.96349310168498e-05,-0.005028967707962207,-0.00020890998101561476,-0.0016880033600494282,original
26,0.07166927127796385,0.07103990541566632,0.084503084650672,-0.02711092972992688,-0.003682964836446467,0.02403098560479583,0.0027062485940418267,0.00371812503902057,0.00353442458250528,0.0034594529236513516,0.003412972034844708,-0.0027751001972863066,0.0001697706010585054,0.0,0.0010190658148793719,0.0,-0.00757199986624193,0.00460189622075321,0.003452902281966186,0.0,0.0,0.0,0.0,0.0,-0.002200108311364779,0.0,0.003029754908631677,0.0,0.0,-0.003411210529254505,0.0,0.0,0.0,0.0,4.798874515342666e-05,0.0,8.999397801853214e-05,0.0,-0.0018488732689232901,0.00177538608424066,-0.009799494895087213,0.0,0.0025719189534646357,0.0010332245643547954,0.0011809233203150526,-0.019157332589509923,-0.0007631570164871148,0.000999800871233214,0.0,0.0012776873651998977,original
27,0.0584393250677385,0.06923977906387786,0.05401840072690306,-0.010227902130069588,0.014724681659082028,0.016539532304032645,-0.012869544906556962,-0.005129893401753527,0.011167013086396504,0.005115490131977973,-0.0030313650720967477,0.0022342382799219185,0.0012383078986827223,0.0026521730527585665,0.007019419425961038,0.0028217982270019814,0.001325082358665064,-0.014299124184149336,0.001608119718058032,0.00011600514634778625,-0.0004799703184198645,0.0033085537267932173,0.001882407545132181,0.0,0.002275971747843031,0.0023769256016997085,-0.0010049545911872016,-0.009268611278757787,3.706873281987822e-05,0.0005176595164669729,-0.00771350669237153,0.0,0.0,0.0022676660163340467,-0.001841653064708204,0.0,0.0,0.0,-0.002697591271603683,-0.0012036547608424541,-0.005296922500872913,0.002564939112068898,0.0010315344615422605,0.0011372690779068218,0.0001831586850614908,-0.00028372995409404745,-0.00015489740031296995,-0.005099786948486895,0.0,-0.0014944375005678245,original
28,0.09395280958741717,0.04524707832656446,0.061317289462711345,0.004661781592588477,0.02062090682052149,0.008957433076979793,-0.008311220782645823,0.005423997513859335,0.004625915381310819,-0.003917901677934021,0.006836280766922931,0.0043245100282720775,0.0034684373164267867,0.003260332296502566,0.008329983139615494,0.0,-0.0022816993212779746,0.0032572262148721108,0.0015619788731568661,9.01112546812799e-05,-0.0010786461152365034,-0.02376641577627243,0.0029638257152098334,-0.006397901259462546,0.0011260328443523093,-0.0030478427535925445,0.003235863309418441,-0.004464528323633965,7.811885295758714e-05,-0.0022797663323873563,-7.976455139327988e-05,-0.0022810817816585004,0.00046636020998391814,-0.000354009325880611,-0.00491667535827559,-0.0003762789921387122,-0.005382864725799297,-0.0014186742139505547,-0.000326325150930018,-0.00941999582089793,0.0,-0.00264892909953629,0.0001896912632399328,-0.00013581366343903278,-0.00335201812986089,0.0015330766719854672,-0.0010703976123132009,-0.01299377376011358,0.0002812704900883034,-0.001466036278561822,original
29,0.09825153271773532,0.08864211451039984,0.02040760919818322,0.0519402219626872,0.026149803516357085,-0.0015689052759860211,0.005855768079179757,0.0015580920012693955,0.0005329801848154125,0.009191891032455846,0.0007747607859657557,0.0004127728090353888,0.0038329914652598827,0.001956453399124225,0.0005187185804907291,0.0,0.00048097398693293104,-0.000379409264236219,0.0010764623810134543,0.0008903170274453087,0.0,-0.00021169576517188204,-0.0013388661420150826,-0.0002668580550260535,-0.00020012031508681583,0.0009342499161451134,0.000281552624099779,-0.0019503599996297139,5.980422479355818e-05,-0.0005870272592357839,0.0,-0.0011792513777823311,0.0,0.0,-0.0027427463555608545,-0.0011749988106526943,-0.004968189637837883,-0.00048767157513177615,-0.0007553420338316297,-0.004479420098987575,-0.00028010781963013767,0.00038471134946624905,0.0,0.0,-0.0020312287709757016,-0.0004483793802421032,-0.0011542489226895381,0.00045832017957141423,-0.0008532855553918028,-0.005267937941901868,original
30,0.0980204124391669,0.06522138791881389,0.06449738651776686,-0.029948372287320633,0.022975968290080594,0.005271932999009232,-0.018227691624229835,-0.004583732257371786,-0.01879182018730192,0.0008261506779071448,0.015288753362021202,-0.007021690720924489,0.0036312422817294633,-0.001994975361699658,0.009318406183379447,-0.0130393246993858,-0.05360367298032224,-9.684820720012866e-05,0.01725530348540203,0.0013251811322960716,-0.040152691540796724,-0.03115444383881375,0.007154878670627474,-0.002313753869583901,-0.0022756159361088323,-0.000459264093918077,0.0006644194621532318,-0.010274274439839193,0.009891544978072897,-0.00047003030586145744,0.0,-6.825539603887432e-05,0.011570722706807124,0.004055661404076871,-0.006094478782534507,-0.02104452409328559,-0.0003494030191155906,-0.01294748260215881,-0.00486785875834288,-0.0020091851609264078,0.001778565877296967,-0.02077429897155626,0.0036428171240614703,-0.002570397968478577,0.0002803768798263606,0.0009826448596816251,-0.006544991150032797,-0.010968386715881717,-0.0019671253230021833,0.009116002285303248,original
31,0.12886832743373075,0.0548743135221333,0.0778943085389479,-0.02158597897498472,-0.035803948723419333,0.01669770743371326,-0.0004395773859306229,0.0035943662964817214,-0.004052077187373981,-0.023430038700644827,0.008683672658020457,0.0027793959015459226,0.0011909474367286844,0.0021247156022238256,0.0008688389810336261,0.0064750389832264775,-0.04053017814067681,0.004540229308544641,0.0029847698113341426,0.0,0.000895546385974888,0.0003919451903307669,0.00020212750463405316,-0.0012400262524363437,-8.41896801481834e-05,0.0004981660622022765,-0.004891443558337649,0.0008088593870260285,0.0006020183825876768,-0.0008257902902564562,-0.0009137127217774821,-0.0003354487181056132,0.0,-1.9064680168656701e-06,-0.010773157506005115,-0.0003773755073949725,0.0,0.0001133548990576494,-0.0002088714626575894,0.0030088495094839573,-0.012334209404824447,-0.00029442720539217814,0.0020589121787268237,0.005057040761337972,-0.0009186147301796343,-0.000522900014549088,-0.009689097465269303,-0.004015285294429372,-0.00044691626761560465,0.002672536921026203,original
32,-0.0063190334262936635,0.03737558618512972,0.1110844154183908,0.00802102997894102,0.014239444944831292,-0.008255654579441041,0.009699939683982816,0.006916091419257642,0.001884987873493893,0.0,0.0,0.004464949792501382,0.0,-0.004196382269274668,-0.004060773137159091,0.0009418476035089829,-0.007338721058651476,-0.003594107160331017,0.0,-0.0006638303917676947,0.0019295221331182334,-0.003774849576679473,0.0,0.0,-0.0010129217975319849,0.0,-0.002248268084511518,-0.0005878346541739798,0.0,0.0,2.3083468906004434e-05,0.0,0.0,0.0,0.0,0.0,0.0006137406422516367,0.0,0.0,0.0,0.0,0.0,0.0,0.0,0.0,0.0,0.001402849718703325,0.0,0.0,0.0011314001110356408,original
33,0.13952283928711492,0.021664083524553256,0.046496173287791744,0.03519940635712639,0.00021117342443175425,0.015020628635274525,0.010140026649662659,0.0038754754437363204,0.030890682040689323,0.00930992075103818,0.03884745046292572,0.007429014562255587,-0.003598255562851893,0.012765782094480326,0.013352764989012911,-0.05467892303000298,0.04955471841576792,-0.009301272195008859,-0.0032574344297468085,0.012371049917964871,-0.00957919382751964,-0.00969281372718327,-0.003009852901319843,-0.004373011227422274,0.01044993354983178,0.006492242895510814,0.009049677920235099,0.004998326985924018,0.002482245025848706,0.0015902062554458362,-0.0067765908882012615,-0.007361931089773821,-0.007259491240311089,0.00615695756243938,-0.004354339797576023,-0.004441898803897937,-0.0016972570793246876,-0.012660341914984875,0.00017722758197394884,0.0008244506713016797,-0.0015488616275646904,0.0023144069396080604,-0.0034125154850414676,0.005998596950595769,-0.0033851321353255527,0.00033049093204753357,-0.0020494251509914465,-0.04497292690764756,-0.0039194673073106425,-0.002070703067457247,original
34,0.13526306041456243,0.06520036054130883,0.0721044136230249,0.020954014912855957,0.030305134249972276,0.02206943961784479,0.0037521431211942624,0.006424731163599174,0.0020255592899964038,0.011837347903426231,-0.0013351615038605825,0.0032993486330077705,0.0,0.0038280519933975633,0.0,-0.00032408110804558186,0.0054104724824271975,0.006874245434314219,0.0,0.00042816340717635184,-0.002486982770262791,0.0,0.0,0.0005883651288387859,0.0004425229989121537,-0.0021709799005278805,-0.0005595469441489365,0.0,0.0,0.0,0.0,0.0,-0.00012510672177620252,0.0,0.000200852754109504,0.0011274195094695071,0.0,0.004766945486675745,0.0,-0.0001618658818488883,0.0,0.0,0.0,0.0,0.0,-0.0002829253234611695,0.0,0.0,0.0,0.0,original
35,0.085544359163335,0.06566081996001681,0.015352709336757642,0.07218047038915684,0.04212056162170853,0.0126105998499344,0.006911092637103644,0.0055220531307110686,0.0076669538530269145,0.014234072926170026,0.014259520467305064,0.0011113497337658317,0.00034978745186595714,0.0036041227943901743,-0.004378258522617284,0.016097227770195045,-0.014121028365753296,0.016678475747499623,0.0016438357012235616,0.0011452964247049336,-0.0017194753889728798,0.003222527240757922,0.0022271119741220425,-0.0011247376931975638,0.0011984475518143744,0.0020173012132374433,0.0008716748808628271,0.0014601565165626052,-0.003000124977531926,0.0,-0.0015050081420076799,0.0049054666873583844,-0.0012715181710464597,-0.0038216191993297732,-0.0018703539550012915,-0.0005124060910410621,0.0001898787978516059,-0.001444844983010829,0.0035250544230597926,0.0001977354644821183,0.0012691922564524783,-0.0014057200146158522,0.0017883080451413292,0.00036823664556321354,-0.0015139213457702528,0.009281372601483628,-0.00023451354746546472,-0.0043864079897573014,0.0005135714146432436,0.000278182633607571,original
36,0.05559079348729516,0.07871800300152916,0.027956702405897815,0.014982143100394408,0.043108856219854,0.003612055355581556,0.003533887615951059,0.01120921176862274,0.010041210502476926,-0.012428132782192625,0.003973201394200654,0.0036615164716704675,-0.006964717262262976,0.004678940372218121,-0.0005779249747549509,-1.7153621881160764e-05,-0.005539093001249296,0.011816006253473732,0.0011406835299587748,-0.0004965233366860389,0.0,-0.0032857111532118123,0.0,-7.919644586159568e-05,0.00017333130853224298,-0.0018172682994799683,0.0013897952490388831,-0.0013205876178486009,-0.004173626798731645,-0.00032880241289879876,0.0,0.0,-0.006078667739429011,0.00022950702550192937,-0.0011648985994258676,0.0014397910325773978,-0.006109311992513267,0.0007980679293438265,-3.898100473680444e-05,0.00025228032489955644,4.8035833832982265e-05,0.0005767943442865464,-0.0019160094270405214,0.0006934630742230774,0.00682159108012288,0.0,0.0026909710520785723,0.005055918556915983,0.0020815863600375127,0.002570032274847145,original
37,0.09528279799554851,0.12231844104063164,0.05884005924700917,0.012047763182650262,-0.004434438422999676,0.013865547453298011,-0.011683945190143407,0.0029873567268303702,0.0006142171363175853,0.0005411681978302219,0.00238260919460096,0.0,0.001500170819039115,0.002846063573520019,-0.005148149899452425,0.0011557342228634803,-0.0011535031185568756,-0.001719874314695935,0.000413984367771858,0.0,0.0,0.0,0.0,0.0,-0.0010327531651165068,-0.005173966683595266,-0.0005847474335141323,0.0014711998208207012,0.0,-0.00017794519039021628,0.0,-0.0013576441863337174,0.0,0.0,-6.791958863058278e-05,0.0,-0.0006677166969701664,-0.002932123900569772,-0.00015384799527907723,0.00025930354799946764,0.0003119512763371746,-0.001513975604354556,0.0013868896730884095,0.00025131813856723586,0.0014391580854727138,0.0017612988868463963,-0.00202181700009203,-0.007129204838226877,-0.00012165941879690445,-0.0027819896186003002,original
38,0.06313286523630743,0.06890909432780909,0.03963433662546258,0.019865772596225274,0.0014756413677323166,0.013722255369588654,0.0025552025962902957,0.006809535941586065,0.002691534613379787,0.010400229799977978,0.00015514748796016108,0.009074235477092452,0.0008271224491763318,0.003453596798374925,0.00422020157481553,0.0085488810117214,-0.0006393281044656862,0.0229019420263608,-0.001078944865495357,-0.0004840526395872291,-0.00035455568649070954,-0.0008351291748387335,0.00014063645501812826,0.00028500395634639686,-0.000610703875215568,0.00031292165999906584,0.004169234783458165,0.0004393538156590937,-0.004164188078928566,0.001347190734684145,-0.00542809702041116,-0.0007172344801226749,0.0,0.0,0.0026443514504593036,0.0,0.0015523616119829553,0.0,-0.0010476061408915438,0.00010860522487825542,-0.0024077059040481185,-0.0002254045721506004,0.0016239845116374219,-0.0014449580277623776,0.010713313183129614,-0.003048216281114846,-0.0017801915341988273,0.0002503488494523309,9.192022874388028e-05,-0.00699340274789545,original
39,0.08089192339706484,0.089895608374793,0.016359509334901167,0.06423915658126335,0.021186123595656137,0.012933089639516804,0.01063064047809823,0.004902305778914107,0.000790887295338083,0.018678009613546764,-0.0024293725622820173,-0.0005160085071245546,0.0011688343462808559,0.006015689607082641,0.00426882289068623,0.02431189344497676,0.002168880288281383,0.000992688640038064,-8.556877217413827e-05,0.002983085469743052,0.0017934491225789716,0.011474124589874379,0.0013794187479689746,0.000655321856590807,-0.006713415919059973,0.0067623273529670794,0.009642055911892522,0.0004623154503482385,-0.0244390736450358,-0.005660316716523983,-0.0023090145700965124,0.0027192047752479186,-0.0033335716210690534,-0.002282313924595647,0.001678126040682404,-0.002901466087938309,0.0003289736599024873,0.002491213939599379,-0.001386953310571526,0.007157923309503367,0.0052829480850483,-0.004144068779815768,0.0012941388667029653,0.004875129831762715,0.006018283335065544,0.0011010591348386111,-0.0004778833016522377,0.0008467731456375694,0.011601605957592765,-0.005514366822938088,original
40,0.10730221492033461,0.07646932204971249,0.041939447528592425,0.030083379443257154,0.024001062988364453,0.022356012932687387,0.0015059899023946333,-1.0111495800213532e-05,0.004343305678001219,0.0007790022884191838,0.0017326473873191417,0.006401211580679989,0.0033806620881360328,0.004938482593835436,-0.00020598362357594492,0.004099164106921271,0.005864925930684828,0.0022208083444820725,-0.001656139952974689,4.3898113396212415e-05,-0.0010243837562307068,-9.726128065642436e-05,0.0,0.0004702207463555319,0.0019738713841555232,-0.0027588703997653784,2.2600056343935472e-05,0.00011398722405974171,0.0,0.0,0.0,0.0,0.0,0.0,0.0,0.0,-0.002505677402127526,0.0,-0.00019372409935135558,-8.200667432290975e-05,0.0,-0.0015848279849247303,-0.0012118295167577898,4.545435732594694e-05,-6.932049191592516e-05,-9.404831117398871e-05,-0.0003281409285270098,0.000335164479189376,0.0,-0.0017157198991298527,original
41,0.09495754464314952,0.052150121558512466,0.060414923279578925,0.03491713997643051,0.020267286784937243,0.015783952970723124,0.007270950995017023,-0.014872577453031633,0.0066760240434513675,0.001399077419673278,0.0014899557137775243,0.00022965532953986845,-0.012015920764186427,0.003530941382014885,-0.001854581685577783,0.0029166169267098806,0.0027778217015379525,0.012780154755065132,-0.0064205312576550155,-0.0046295678649570845,-0.0006010568083215983,0.0,-0.004124086062021215,-0.0032901796574052343,0.0005874071551699167,0.0,0.0,-0.003018968276131995,-0.0025020087752550047,0.0,-0.0009941704541625352,0.0,-0.002305818228776435,4.459734098858359e-05,-0.006973462459421531,0.0,-0.00018489356863964356,0.009149311224421464,0.0,0.0,-0.002767541634462889,0.0,0.0,0.0,0.0,-0.002209388040470772,0.0,0.0013328538476893637,-0.005164951343414903,-0.00013803314560977275,original
42,0.10682581910187036,0.10376496285039613,0.007377430610471225,0.0458018306402311,0.031206205393262354,0.008620976029035532,0.0043780763244043895,-0.0011093851555380341,0.0019455758290562563,0.0034943221314743256,-0.0030247364548735443,0.0005094904401443778,0.0017567585692473409,0.004674478438349394,-0.0011000977915352817,0.007028355008428022,0.010815706392139923,0.006061291191741769,-0.00560274252800459,-0.00031332989880881177,0.0013500132244872788,0.0002938113937642761,-0.006817142567934286,0.0009998560748288865,0.0,0.00048496745053896453,0.0019311758415186508,-0.0011419801942550878,-0.001072130578630992,-2.6253816294896648e-05,-0.0005286165438221247,0.0,-0.0003613628402140523,-0.00044409868835330044,0.0009762056605536751,-0.009055097556821046,0.0014342945722672252,-0.0007258505066010445,0.00012072991812248635,-0.00048135437883012333,0.0003700373633429788,-0.00013565060845657228,-0.004503542593948096,-0.006233429639769639,0.0005641909194581185,-0.000473445242031767,-0.001849159840902692,0.0011018930152618123,-0.00028800647342573925,-0.0002417088266477574,original
43,0.08575680656083141,0.06183311971291476,0.0641407763905505,0.02921075966650566,0.0033434608818491474,0.009078877392473983,0.01837828338322527,0.003962883326005339,0.0019427302285068503,0.021002516638963666,0.009933443503902305,-0.0004446011749645984,2.051672073588584e-05,-0.002459337223421654,0.0021477285497596863,0.004506741339744014,0.0054389984715991655,0.01073491141358961,-0.0006631311701772002,0.0016074812931699879,0.0,-0.00041917036945743336,-0.0012523364955401629,0.004632380408761916,-0.00022641493530352054,0.0013174716102425266,0.00016419830066032314,-0.00354166372818675,0.0,0.0,0.0,0.0,-0.0010183467789969037,-0.0016437863139747045,-0.007020692590754352,-0.00032541203084454076,0.0018523167769089576,0.002321625317428888,0.0,-9.520893246411921e-05,0.0,0.0,0.0,-0.033092461214218216,0.0,0.0,-0.00041044396598354237,-0.0038281296776054184,-0.0077637173472852265,-0.004334082091704705,original
44,0.09730640899238516,0.05102165092801144,0.043831236785442984,0.07041692359728313,0.009032897085983527,0.013325875276805154,0.02555075525731888,0.004079397749479174,0.0036060912943539193,0.027110019786822447,-0.0030657730727571162,0.0006497123154427187,0.0027578566191270746,0.0029066449740246083,-0.00011369764113026149,-0.00013164739121047654,0.026935612577211297,0.0009399924847460328,0.004121697351933362,2.2005403054758955e-05,0.0,0.0008472037905857488,0.0006083645013494565,0.0,0.0005803102149497974,0.0017534616470853749,0.0029589447399970157,-0.0010209561430851387,0.00017842321807660656,-0.002957319968407035,0.0,0.00029529167898425526,0.0,3.3465608168870006e-05,0.00022112396062404783,0.000705373727504699,-0.00032524143874168576,-0.0014196694684123657,-0.0010075564351124887,-0.005150235905548894,0.0008160794815351812,-0.001601237214358775,-0.0006558651073527266,-0.00015623289009760732,0.0024212633866766754,0.000380635665088036,0.0006270317908263157,0.00027308577744092897,-0.0013316892917950907,-0.0016706690862725027,original
45,0.11931987459764218,0.036634993480185306,0.06833178013938182,0.028248356216848902,0.023170923792438146,0.02807813375620035,0.008760746734527924,0.015604363442864144,0.0017059677964114893,0.006886189299115409,0.005128812840525054,-0.0004504780925926988,0.0020983703646821673,0.001436257309537148,-0.013437474617487056,0.004635363844851914,-0.001471164841167838,0.008726275808924632,-0.0032338049921578405,0.00275309992664039,-0.004193680964622792,-0.006986170906459999,-3.793187796292674e-05,-0.0018722586664227658,0.0,0.0005148608674720778,-0.002937512940627107,-0.0008775811258500688,-0.0008078869619483231,0.0001015867477489385,0.0007156743043156055,0.0,-0.017708794613068714,0.001509713664942891,5.778775688104476e-05,-0.0007431406530883034,0.0,0.001438834719387483,0.0,-0.0011164889409901791,-0.0007732945607684006,0.0,0.0,0.0,-0.0006399708710445928,-0.006093532980911398,0.0,-0.0016800501443997363,-0.0002900004704616266,-0.00045126518093658864,original
46,0.08697059850356101,0.12556572894310966,0.019173917342264403,0.038451520607224454,0.042675484736124515,-0.006959498288161403,0.0038780994523728517,-0.005944510365186529,0.0016440282959748864,-0.0016502849913060836,0.0017423389274526136,0.004939153851255507,0.005050272046285664,-0.0013471954491626637,0.0,0.0007277277952303484,0.003032459681079014,-0.0005730686128333051,-0.00024321163459667394,0.001416563192277276,-0.0005521247637305992,-0.0006472253811055206,0.0,-0.0012658773925307344,-0.004391096254535709,-0.0015336198888591835,0.0029886714324224737,0.0028971610687803405,8.434856353671805e-05,0.0006910271193367512,0.0,0.0,0.0,0.0,0.002512273692190858,-0.005485553769506634,0.0,-2.1251009516465304e-05,-0.0006219421293300553,0.002244543607072047,-0.0008498480656405905,0.0,-0.0011576444769139105,0.0018068080335823633,-2.997875861380228e-05,-0.0006821202001514925,0.0,0.0016303033539135426,0.00023492718984324812,0.0013111685162281116,original
47,0.09113555805450363,0.07543319044404048,0.03315930534723327,0.046591196240836553,0.014789785505120357,0.01695842457232747,0.013958860898476654,-0.0022648440211633035,-0.0001297482166975117,0.003064542591103658,-0.001369648301435955,0.0031171171284396725,0.0022247299648397224,-0.0008194529336945755,0.011292755342624028,-0.004214258833595541,0.012954365120385725,0.004498590222312082,0.0004202213259499321,-0.001430006105292625,0.0008362231346751292,-0.00018350859022863152,-0.0012708452636473132,0.0006610362158447125,-0.0008902214612866111,-0.00028548330499231776,-0.0034355789295487105,0.003651395762081411,0.0006645301772313927,0.00052557060946411,-0.00027555511679622224,0.0005361120113430041,-0.0006640670172009088,-0.0012376216954670728,-0.0027873120898616265,-0.0004748832947015891,0.00010980983333511719,-0.00029070058499827136,0.0003599300204923606,-0.0015808776914039923,-0.001973575540465422,-0.0012318160787790466,0.0018589665198586514,-0.0017053505988479545,-0.0006668971203050878,0.0013997806159204318,-0.0021440101783466448,-0.008033855921751432,-0.0010813522211734704,-0.0003880604934615173,original
48,0.028418906696619596,0.04287796432708296,0.064761346028842,0.02606505335228122,0.014641054142215726,0.01988005984649003,-0.04303754881694625,-0.004020321025695839,0.017779884166239334,-0.010556347586661397,0.0157553056640915,0.0004891992098698617,-0.001721763714403013,0.00510949047333602,0.0020619163246024972,-0.0021277557086520904,-0.004230841793483875,-0.0010569133922120443,0.001711996258393167,-0.0005089197909295517,-0.002663469962455256,-0.047267715098036546,-0.00259036642597954,0.0002098958332091838,0.0013218502740221737,0.000680172246915689,-0.002374372104105504,-0.0033990008647160064,0.001123491731680537,-3.914681207991544e-05,-0.008079191310148105,-0.00159093281049556,0.002489116635059374,0.00016097647897248546,-4.1617039722352535e-05,-0.0029005727334647014,0.002275915503872972,-0.0033163984721750863,-0.0029500607485527406,-0.0009573194750490011,-0.001287615933946573,2.8852127006318007e-05,-0.00023897233953729113,-0.0015391875804964372,0.007529005792470145,-0.013265438396480278,0.001165802369256641,0.003941068732974973,-0.0003055823990193218,0.0023721107610110703,original
49,0.09959717469029805,0.02829464541687816,0.03394216774280612,-0.0022893575748314855,0.014402304223207341,0.006452445625446312,0.0034449042376256123,0.01262268909867017,-0.0004206685125529797,0.0018331162751537122,0.0021569852670652923,0.004350882321771521,0.002719534006543878,-0.006252012483101721,0.011205138752933042,0.03132802708358379,0.00591798148982603,-0.007093571371308671,0.0009547424267288384,0.010220132924461611,-0.006290355142039361,-0.000327914567377896,-0.0016197695551295132,-0.0010102871989875583,-0.0035802620663275774,-0.002727454809701413,-0.0047072452784921335,0.0018570308147379034,0.005486126178343309,-0.0030516850609973445,-0.002224159749714005,-0.0009547980191786376,-0.0014334742523126498,-0.011163731072130801,-0.002265246266435117,0.005883871169762711,-0.0019880856005537683,0.0029291871181523544,-0.008068773379998917,-0.001009860990458622,0.00019429247333968558,-0.0005372802226473073,-0.003552006650452311,0.010798805118514786,-0.0030805899471269883,-0.004984103651810701,-0.006099061210612366,0.004203592118986776,0.009453487724460918,-0.006112078001263699,original
