,dmq_cope_2,geschlecht_kod_male,dmq_cope_4,dmq_cope_1,upps_ur_5,upps_ss_2,upps_pe_5,upps_ur_2,upps_ss_4,ffmq_ob3,upps_ss_3,dmq_cope_5,dmq_cope_3,ffmq_ds1,ffmq_ob2,ffmq_nr7,ffmq_aa3,ffmq_ds4,upps_pm_1,ffmq_nj4,erwerbstaetig_sub,ffmq_ob1,ffmq_nr2,ffmq_ob4,upps_pe_1,ffmq_nj3,upps_ss_5,ffmq_nj1,upps_pm_5,ffmq_nj2,ffmq_nr5,ffmq_nr4,ffmq_ds2,ffmq_ds3,upps_ur_3,ffmq_nr6,ffmq_nr3,upps_pm_4,upps_ur_4,ffmq_aa4,ffmq_aa1,upps_pm_2,ffmq_nr1,upps_pm_3,ffmq_aa2,upps_ss_1,upps_pe_4,upps_ur_1,upps_pe_2,upps_pe_3,Data
0,0.7748862951101765,0.6514087632118928,0.5844507400506557,0.6057554167451606,0.22827077976453716,0.3365801050803156,0.16937223830899062,0.013878774859897556,0.09547737522876393,0.0456063999510311,0.0,0.18967550419928653,0.0,0.0,0.0,0.0,0.0,0.0,0.0,0.0,0.0,0.0,0.0,0.0,0.0,0.0,0.0,0.0,0.16504213747400417,0.0,0.0,0.0,0.0,0.0,0.0,0.01326734940712859,0.0,0.0,0.0,0.0,0.0,0.031002549997695205,0.0,0.0,0.0,0.0,0.0,0.0,0.0,0.0,original
1,0.8978351002336724,0.48602829151507604,0.5652882397240824,0.48177970095485434,0.4539153368487214,0.2500368932808276,0.20049347587983735,0.17809757611076896,0.23758024934491254,0.1582664373189069,0.28883022576972467,0.01732057455531532,0.0066630247466076716,0.09079582565995586,0.1108743857507501,0.07655165780125164,0.11439824971336636,0.1171042601118503,0.07302416214205049,0.1107515448384519,0.0456128974565173,0.0,0.037319050429575916,0.14007420487570985,0.05869011330765131,0.019562616953272036,0.029040403126955307,0.029869201273169662,0.0,0.034418065671120955,0.07501063179892171,0.022359173308777885,0.010620590922500044,0.01056274968182409,0.0065717424309844445,0.0,0.00828045946101947,0.009433738859467954,0.01433333370970931,0.017129918729296704,0.008950591347618194,0.0,0.014208071361054697,0.044005711319728594,0.0048229095643337995,0.07377167111712088,0.009966581028044772,0.0,0.007929632938808577,0.0029614356916920874,original
2,0.6550146158502756,0.48067938062960913,0.1733873769022959,0.20399680576140813,0.10575166688808867,0.0779535402749367,0.09323737849526231,0.2531920341364761,0.1406841728889011,0.10857232934395089,0.3072983763411193,0.39233995987041476,0.3026101373381034,0.19640251959662727,0.03865894367754548,0.04837751321467735,0.1407538941812954,0.10380070382754276,0.05915767376656973,0.07791376269008245,0.0521432107250573,0.14687318301392807,0.052699620302519096,0.0369249502698378,0.04653600288935087,0.1308028219341741,0.0466066564022054,0.06155764842907706,0.16378559952373045,0.10226736557716906,0.0275705838990064,0.06957662962330889,0.08871328627390138,0.06041124497220683,0.03296344913656707,0.031781845932640954,0.04720732238675061,0.016308859207857285,0.07167696294104846,0.027319748930656897,0.031069029352218266,0.02346752651505424,0.0583030638965397,0.03346435066628429,0.02114479740432548,0.029618025139634095,0.021632698630499655,0.020253366272570864,0.09108901327720371,0.028912790225420926,original
3,1.1003577920505272,0.569773220899312,0.6972884399687516,0.4215758641438046,0.3546761502760979,0.2373179799532183,0.2449900861177154,0.16274583906112158,0.11297732013205525,0.14116925201313035,0.1315784899583195,0.017235290032270596,0.05076945384535565,0.01781221554922182,0.06773431175235435,0.1350483647495716,0.06274133404257105,0.041524026381685133,0.04293815508671692,0.13226286133132872,0.02898183549308335,0.009720161641898213,0.014343394015942076,0.07184464877253763,0.03408918571153603,0.005653088612276977,0.018809242601392814,0.010209155356548988,0.11032090547086858,0.06565959789980162,0.04875429212923603,0.0,0.0,0.06780789477616739,0.0,0.019500639233186554,0.017257747071939767,0.04621915752938273,0.01953119445004904,0.035243933887026575,0.0,0.0,0.003598238129409616,0.0,0.0,0.0,0.031218408498654916,0.0,0.0,0.0,original
4,0.9625651516681295,0.48507691425797517,0.49062070509170896,0.5323979352194774,0.16976018021726516,0.1516504825325293,0.2445546063530496,0.1767233626053474,0.20228508633005785,0.03472537818113226,0.06464471346161162,0.15136849033494248,0.02757414599902777,0.05100895211711142,0.13832196889219386,0.08070528886639612,0.10630968656350324,0.06301737852480381,0.06015204778406345,0.021909238660443517,0.041191832028419036,0.007104883365550402,0.032151347353034564,0.018499504138615574,0.041481365694592334,0.005473384911748475,0.017307882643297762,0.1190546693359933,0.0,0.017081070364257992,0.004676755592436838,0.04142225403533386,0.06888346890948636,0.014257147976247027,0.008332792368978643,0.007512910456556595,0.022832226567488102,0.04643793017307278,0.004967148454325382,0.012407193595829256,0.01606164872813562,0.008462465250788554,0.006873539155307875,0.010777813996281367,0.01800327770206145,0.0077820742670467805,0.009707173660892176,0.0,0.0,0.0,original
5,0.8124734909522745,0.5627139614541214,0.3795865174540364,0.5283531065874829,0.12153989382245099,0.34325794858391506,0.30721900405493274,0.1302833812222508,0.18092680571717407,0.14322051557432577,0.09070813731531276,0.2179802779920164,0.10953027997360602,0.1231791508799332,0.08162548253984275,0.13179502712886035,0.05296472412484174,0.03355932503970795,0.025527266387071014,0.07985934055982237,0.1150069752680385,0.10294410449636313,0.17959440750468517,0.12379781241787657,0.03685772690999887,0.046264146648819296,0.013876931933901488,0.02216078454628285,0.03495379598599971,0.04945839592996079,0.021420621857665526,0.007510242079033268,0.043211509770836605,0.013599714609090974,0.028959328428563684,0.015699579107826222,0.005671434646955848,0.039328953422308376,0.030546220243432815,0.014096633138917352,0.02323839899931929,0.08659182402552944,0.024343098105460235,0.008558310064351196,0.04441920786570371,0.007533830495893704,0.024002711749386906,0.022816674908820826,0.038644565687155484,0.011675389210287632,original
6,0.9917390881979486,0.48499403062300167,0.33452311034285115,0.3988928299832104,0.26311893710284506,0.3112771178181913,0.0,0.1672183111301004,0.14755494389907103,0.14773483247343325,0.12348751705331186,0.03959970330783638,0.17424042656454752,0.05836812562093893,0.09277174358749551,0.0031866047829314857,0.0,0.0,0.02304410545042546,0.0261983582249924,0.0,0.04519009731513633,0.0,0.0,0.0,0.0,0.0,0.0,0.0,0.0,0.0,0.0,0.0,0.0,0.0,0.030224755102664994,0.0,0.011333006562921135,0.0,0.0,0.0,0.0433785608943956,0.0,0.0,0.0,0.0,0.010348189074421053,0.0041130380832385995,0.0,0.0,original
7,0.5501023575593967,0.7232997489902313,0.8442506295166542,0.4870648652003404,0.14710382871380953,0.3037115826772792,0.21070378144145102,0.28039765798720895,0.08949005378988933,0.11461255258351544,0.03838002701836762,0.030448573265428068,0.11597471510628075,0.08395323174851813,0.016100400125792464,0.051893209598878484,0.05724569003542279,0.045846476028901025,0.03821364228222542,0.03363690603743493,0.037791753421138254,0.0,0.008125378770525405,0.05818013934013309,0.024527102477887027,0.023775726895919877,0.01675042702838984,0.0560565996334261,0.041450127108619055,0.0,0.02136799528689537,0.024197860334536435,0.011243110931859052,0.011678113296142314,0.0,0.0040385278194552034,0.01460400571555891,0.0,0.027574715504287316,0.0,0.007071387021930343,0.0,0.0044949081100155,0.020870194768276628,0.013248951756140047,0.006958820317104658,0.015535041886161408,0.008056772786132729,0.0,0.0,original
8,0.9147201957495171,0.6434180851506239,0.7567496977223291,0.5850349917390757,0.35186623860285365,0.12300966435675172,0.4004279763915705,0.04536841294812399,0.13274284104403095,0.11034720679707419,0.0,0.06554335616182422,0.0,0.0,0.0,0.0,0.0,0.0,0.07059448544327762,0.0,0.05751326616512979,0.011616298894433412,0.0,0.0,0.0,0.0,0.0378942663036358,0.0,0.0,0.0,0.0,0.0,0.0,0.012716436776485722,0.0,0.0,0.0,0.0,0.0,0.0,0.0,0.0,0.0,0.0,0.0,0.0,0.0,0.0,0.0,0.0,original
9,1.0653400648531715,0.3768749152669502,0.7355996342831657,0.3948149402500763,0.2259604244446442,0.25275619980021813,0.17671537077789293,0.03955075939485228,0.09926023096191916,0.1675909616870685,0.17690743649754181,0.1003730194557047,0.0201510929074769,0.05281622764338123,0.1464212976207717,0.0334252316136746,0.06783827254834696,0.024556314865360074,0.04921737886310786,0.05693679589281614,0.038338498013759006,0.0031750355381762797,0.017132385904753522,0.011196312289220354,0.06125001943515357,0.06760279560646752,0.07577256654173777,0.16685931515794292,0.17725291791646008,0.031034903785642342,0.023812314926766234,0.008755023559765056,0.0,0.00550182780307551,0.006754890547893085,0.005816396628329208,0.0328407932268119,0.0,0.008615971805932295,0.00611363271351992,0.021758121767823862,0.0,0.012927960582523802,0.0,0.0028791471144881888,0.0,0.0,0.0,0.0,0.0,original
10,0.8060975253896367,0.6897843013313131,0.4548308229504849,0.5347705231091442,0.35928764977353955,0.199015703745999,0.2328960707406251,0.054559415675586205,0.14691426160589657,0.0961011107508325,0.07429289938597404,0.21128256149426286,0.09105967362096946,0.08361864712449192,0.09445350973710585,0.17815813512096668,0.059685086415370174,0.07944721419126037,0.0,0.08094878880409015,0.0651057560489787,0.113738253398715,0.0225399701012787,0.06584923401670667,0.0,0.15709709736114486,0.01501925417414625,0.09079772962581151,0.027499217665099197,0.06943062512012904,0.02567130829708353,0.07629813247005772,0.08637195699419403,0.044261227625660614,0.021244591689625714,0.011755859438096561,0.028458343288208746,0.0,0.009390817285494839,0.010063391166067916,0.0,0.010237189902764152,0.03899702301908615,0.0,0.008114157198128554,0.0,0.007687208445271573,0.0,0.010829224292920363,0.0,original
11,0.6774675886364531,0.8067366232526524,0.5014221633505048,0.477781896744343,0.11234919482764609,0.4101174381089596,0.20217303710035697,0.05177872454349023,0.10131237255258246,0.0672171595328595,0.07297986804061457,0.1610415135866031,0.1761665320687624,0.019176459428202855,0.07145821836121957,0.02908367707646156,0.04890461854715509,0.05012180430085507,0.0479569346777681,0.03173289540408822,0.017422083724917284,0.009091884162595001,0.07097877994467346,0.1485087389375281,0.0,0.02676836050641475,0.05414849994530492,0.013259971659502285,0.010721336791862561,0.0276374427071118,0.015895369249251525,0.0037408346825010107,0.0,0.0,0.0,0.04788999607759492,0.020826578939447792,0.0,0.028293257518852574,0.0,0.010346765333732872,0.0,0.06353525903970889,0.06936456042018001,0.011011156529441606,0.0,0.0,0.0,0.0,0.0,original
12,1.1457134336643724,0.5845628881647635,0.7121974299744177,0.5776177050281972,0.44975679802613017,0.1641412418839151,0.4090982418012083,0.06813751115115661,0.21349309995184956,0.15166802614099148,0.10415512574427066,0.027189791098808546,0.0,0.10061271031493915,0.07020164268746246,0.10732102638299834,0.0780039650092119,0.05228502280804765,0.05404690799487348,0.2506321561190737,0.10625093191291522,0.06549969813388845,0.04961786403960634,0.011651425449306354,0.05233297625699406,0.06616564119852814,0.04399851067367335,0.08019727787483795,0.04559579060851481,0.0,0.05147646471964168,0.011086909593687728,0.02289825754665702,0.0,0.0,0.02881764173638259,0.007619148712975283,0.0,0.0,0.05851997668377594,0.12758239823871348,0.0,0.016754716954854462,0.0,0.0,0.0,0.013315468248258341,0.0,0.0,0.0,original
13,0.8579659735679533,0.7140536084392103,0.5500242074353475,0.4761226120254877,0.3132729184334548,0.2233128608540515,0.342746581208109,0.24249976637136583,0.1101506615393893,0.028947056983629874,0.0,0.118739235086554,0.13676597127265974,0.0,0.0,0.0,0.0,0.0,0.0,0.0,0.0,0.010634084131703548,0.0,0.1048040872536854,0.0,0.0,0.0,0.0,0.0895167713844955,0.0,0.0,0.0,0.0,0.10461293425502052,0.0,0.0,0.0,0.0,0.0,0.0,0.0,0.0,0.0,0.0,0.0,0.0,0.0,0.0,0.0,0.0,original
14,1.044728144613596,0.49692095019301297,0.8399645205879023,0.26803877721061786,0.22962578892075644,0.2349747895222944,0.15736517417544918,0.07928096131277101,0.2702763164822566,0.2225893851515135,0.05425461883441925,0.07001138709924616,0.11973222940009652,0.0801832430293103,0.06425883584814995,0.03669751873194928,0.0725635863463204,0.0825659085569738,0.05957478085539293,0.055944542823610395,0.06096834890241501,0.11086737384378345,0.017020349761273538,0.0,0.04158113863399218,0.03504952096170558,0.004750031506852738,0.03670503768182981,0.0793286616354787,0.02756227667630064,0.011761479838670682,0.017829657274171472,0.02918100098551526,0.02117354556025391,0.031230031748910772,0.011456813711259995,0.011251170038182368,0.040518523342872106,0.04138031951223312,0.009126429637853314,0.01878787266804124,0.03641331005195394,0.018159245338772046,0.03150432716749835,0.0,0.014080769955218099,0.0,0.015339417610198186,0.0,0.0,original
15,0.7832726065079518,0.6058448786732328,0.5470086011444457,0.4403427072364592,0.3453873243895014,0.22017511791885652,0.03557640152895903,0.18938261281323,0.08272730108948091,0.03971345076439657,0.17492365939715118,0.13354800231368968,0.09637296664884168,0.0,0.051734357699841374,0.0,0.0,0.0,0.0,0.0,0.0,0.02799610355742057,0.0391709936770295,0.0,0.0,0.0,0.15987728193192158,0.0,0.0,0.0,0.0,0.0,0.04048250907595473,0.0,0.0,0.021674461795232195,0.0,0.025427433603729312,0.0,0.0,0.0,0.03208215782579132,0.0,0.0,0.0,0.0,0.0,0.011452710283974434,0.0,0.0,original
16,0.712454585174034,0.3356585890445682,0.4225088432667727,0.6363313803427504,0.11082488265860717,0.3709429852030153,0.13032540764782646,0.19060355659716013,0.1649258506081756,0.08874477191589632,0.15733771070120778,0.03652793589161791,0.11765450573672304,0.09954021885588275,0.1488788038571645,0.050742667680461734,0.06926353495627244,0.0636408507494642,0.039750286695790366,0.04863987712906092,0.1133907104576241,0.20493646156438194,0.09126320121892485,0.05939050342668934,0.06210470268308134,0.10039265928897827,0.050168846183968004,0.0600788416882618,0.039741403220234096,0.10264279029623355,0.04513775838435791,0.054839364435383314,0.05338986131358995,0.05596580835425174,0.03953653664888624,0.07997347727365542,0.04954443009974749,0.01729350959931786,0.03566986542451448,0.027718245414702736,0.05356899423406843,0.054670886225805154,0.035459603421767724,0.02495440821547591,0.033214609208462934,0.04719674574118908,0.047722219094488275,0.041067480726653866,0.03344307021563991,0.034109928307995,original
17,0.955839386437,0.5644790073014988,0.5326179396903297,0.3857881745693075,0.2618144962227456,0.3567120298952608,0.2009038647129056,0.14708679806191757,0.13367646185247112,0.19395826043756556,0.2193412561581483,0.16156982706600664,0.08911617796053521,0.1998108741782201,0.17323858870075395,0.04821549551528617,0.11776202452303024,0.06195242988983142,0.1506479329854866,0.08099752614802817,0.0886703251787797,0.21635578447612247,0.18271371194262215,0.052911366714760245,0.09652588873653584,0.053864945771309715,0.08570655144139185,0.07143196120081412,0.05885656905802828,0.06943303137404708,0.0528221602346769,0.03404667654860556,0.13360660000679747,0.04285713829400918,0.059545579133331736,0.07874159273047975,0.03669323967232959,0.051388610981074744,0.09296483628858945,0.1055472525711799,0.05346172075341384,0.10766129542822146,0.06919345552174237,0.015230030657003048,0.09055471992025854,0.04553190130958965,0.04350963682810918,0.12750184370057505,0.04202500273857987,0.024946433770667728,original
18,0.7074376192994387,0.6241932257387867,0.4609038020619531,0.554387719195913,0.1841644769986635,0.3373455309030882,0.19223072308851813,0.20911587385147812,0.25419748454470104,0.2051586953181226,0.15356123645989855,0.226862244519438,0.1749657553167156,0.16999202185002832,0.09810364790039591,0.1397018575910866,0.18046489364178325,0.11598800606820299,0.10368511329704226,0.17596883605818395,0.097991168312913,0.14256607170427923,0.18193614162127283,0.05181865097001844,0.06944649157580957,0.2255446603167945,0.07127279737816804,0.12755620944222934,0.09250703307509023,0.1598678211396624,0.07229891098278085,0.049118532090849244,0.080407131936517,0.06903367297968324,0.08987866832505272,0.14499305541034294,0.09808085668479989,0.05869856591356291,0.08881394246074928,0.054178622268268965,0.03890765446523051,0.12594540525005735,0.0405869405944268,0.0819241869366924,0.12148578630682373,0.03466213365433791,0.08733124534241904,0.08072993654028124,0.09532554481631196,0.10417425580692098,original
19,0.9842603648359696,0.48839388489804136,0.6316484479566679,0.4102194158276532,0.2288309633686433,0.31066725737854584,0.16994993837910755,0.25201838091480494,0.04604336108361085,0.061511623632052606,0.15949066698918726,0.07541016407882156,0.13457971024977516,0.052967692733101604,0.026160302717716875,0.08106450411819695,0.040872555030349915,0.029728569224646173,0.010851749936152282,0.0174295714232699,0.06046874649766906,0.11886791123797591,0.009564523451894687,0.008953214030124283,0.028224720069476184,0.05499258670852645,0.0,0.03666702085851667,0.01031830470057926,0.0,0.0,0.0,0.0,0.01186419377886298,0.02652234380978527,0.0,0.0,0.0,0.0,0.017685997159648494,0.0,0.04273957359062547,0.0,0.0,0.007154180451301237,0.0,0.010916278317111954,0.0,0.036545217879755974,0.0,original
20,0.838929894336583,0.5855335225516979,0.800519249309035,0.8308565163164068,0.38115186453371414,0.3569993365023364,0.1987881873771991,0.010529964797099231,0.13453393990991594,0.05351443131583222,0.11057494202461421,0.0,0.0,0.06813921722299385,0.17507978894117282,0.10158866776426635,0.03550773277528332,0.05834780253769927,0.00662587471701178,0.054212921807964165,0.06157379278527175,0.0,0.06108603629041861,0.15548588697202603,0.1771954372756999,0.03931033880949853,0.04837550470777026,0.010170426575385822,0.0410229652563215,0.07476645852422,0.0,0.030005832397183844,0.008090063148984415,0.06532580865953422,0.0,0.02091950993295996,0.0,0.009198717715376115,0.0,0.038061906123587834,0.014190764090307381,0.0,0.01083017077880137,0.0,0.0,0.0,0.0,0.04359670144318049,0.0,0.0,original
21,0.8885225083989156,0.7973751177997278,0.7052759105398475,0.5220056567374889,0.34402856354650185,0.24263616876392352,0.293962094948294,0.02911390422243495,0.18514234679216945,0.025418363499902744,0.045788000676558555,0.19821038539677574,0.0,0.0,0.033623536492148026,0.0,0.0,0.0,0.045808178274054236,0.03150242150462649,0.0,0.0,0.0,0.0,0.0,0.0,0.0,0.04341246914006212,0.0613586509602241,0.0,0.0,0.0,0.0,0.0,0.0,0.0,0.0,0.0,0.0,0.0,0.0,0.07536084726953166,0.0,0.0,0.0,0.010662713795413973,0.02090541291257128,0.0,0.0,0.0,original
22,0.9416612877497146,0.5332654161671769,0.7992104437454718,0.3859272898011208,0.36457335925679374,0.16522771468375125,0.24887775012183927,0.19409367980780293,0.26674501592910466,0.04843721720720048,0.1881125988410768,0.03246132496893536,0.0,0.10029268408929946,0.059544550848573075,0.11144451657027352,0.021377339570107,0.10196047248774562,0.05706467688151892,0.17708987713462218,0.024458175315548787,0.028717059642377377,0.0426694115945748,0.19308579504492104,0.02952853890106971,0.011669293166915153,0.07056423364875516,0.0552931251511207,0.0074123015202886946,0.017126074964764555,0.02177967889372407,0.02770485482917444,0.028542240082658283,0.00801127522382575,0.06648195335138216,0.01027762227540995,0.007480655347434626,0.053899301671127844,0.0,0.04492029201607992,0.0,0.0,0.0068480848220797705,0.04890750086611619,0.004607016740616201,0.0030109622479226167,0.12393130083733844,0.042999931506978006,0.0,0.0,original
23,0.9193514661446006,0.7068219278016413,0.759153023876513,0.5646161810865078,0.33622299209128687,0.21496867738907757,0.22932227542742692,0.0,0.02476020328633957,0.2781455627249535,0.2346282620217172,0.10667895401344925,0.03530451893451116,0.08228740991763757,0.14232092812793476,0.0,0.04098446664858442,0.09436488089841978,0.04715681259119882,0.06564063473054044,0.0,0.0,0.14335671983675666,0.0,0.0,0.031414586643570434,0.07104264970298622,0.0,0.007303475268121319,0.06753105791442854,0.031219276439754903,0.0,0.03341706422943571,0.0,0.0,0.0,0.0,0.08084177570465868,0.12171086507571938,0.0,0.0,0.0,0.03963753589501302,0.0,0.008199591818258441,0.09564284377952909,0.0,0.0,0.0,0.0,original
24,0.7327256840192969,0.48492168919576734,0.4793418694054381,0.6064468145695533,0.20817236434869668,0.21817492240475198,0.0795230821112224,0.22825747239241834,0.24532475690408997,0.12672966067054503,0.10854607977279067,0.03009590054218147,0.1260834073683224,0.12817408224139465,0.17773305632692984,0.10076424153401595,0.09595349924442574,0.03798336491188801,0.05656143248514409,0.040942596792774955,0.04623209681128409,0.11853594893400157,0.07856691370658997,0.028795332942638533,0.030958228989834722,0.10910698703446214,0.045563763107569294,0.027326217543719885,0.02654274599917318,0.032602503595380646,0.0345062558298686,0.03736001267816405,0.054145338096504035,0.027133040232170558,0.01576957833480837,0.05047903489395561,0.04754000688226825,0.005344110541965811,0.02818407826455888,0.06699843888908996,0.030352007124177675,0.06444972633645675,0.06879161163809154,0.020210599642774454,0.04720007721845205,0.033764651693443774,0.010212388455678716,0.02018060820259512,0.015241251787443278,0.04388936281595697,original
25,0.9782447548060609,0.4613951065832376,0.4251012740435819,0.4125213099982537,0.16666601583793317,0.3119802905927011,0.2257934379903494,0.16366807022342356,0.19725027355188407,0.03376472665378442,0.18961441645953456,0.07896106598976982,0.2866069511458959,0.08152180326905593,0.07033881811134315,0.08828138435078048,0.09399492241852107,0.07173115155777424,0.10958698819176069,0.03436392356235182,0.03902715176407018,0.00968599234575567,0.05845832117513991,0.039789607485283714,0.05867415769311227,0.02981503484190511,0.030028339170429103,0.02068970633711325,0.0,0.0324367134960303,0.050730656870941984,0.01249367017278027,0.010536127441701673,0.029974355024898536,0.009480198374454579,0.0,0.030545009203044367,0.0,0.018627908974140742,0.0063444344840792085,0.0,0.013533325469454046,0.0045698720541719464,0.013370919073644946,0.013080436310200578,0.011308536446970633,0.007336231735179983,0.0,0.0,0.015171564175326707,original
26,0.8967575802395072,0.5981462193465996,0.5507317817578311,0.6102161365984989,0.43004434450300894,0.3477542757842402,0.1017751016883594,0.03269106177468323,0.03660565265354987,0.11254704381200964,0.0,0.1503517421509939,0.13090099791963622,0.053273261314956945,0.08786991120090588,0.03656256751991458,0.03490624733983275,0.05255351807450419,0.010710707764174359,0.006478413456858008,0.03535436929397181,0.0,0.0,0.011007148903712911,0.0,0.11139362850390543,0.020847988345491494,0.0,0.0,0.028143549099144974,0.03472919277433651,0.04121794989974111,0.0,0.006715236563423639,0.031130852050791455,0.0,0.01718842722833652,0.0,0.05969488289367368,0.04740240210260037,0.0,0.0,0.0,0.010309499519364138,0.0,0.0,0.0,0.0,0.0,0.0,original
27,0.9738784302986684,0.4040353004573655,0.6148598172271127,0.43546720692208957,0.433351409132629,0.25887255251177527,0.16760803661175344,0.07287985346296512,0.12166282162724094,0.12264445304197415,0.06631518594832912,0.01776516507287354,0.37007288178318404,0.05745866586305534,0.060267534552085805,0.06532841606943342,0.07227210481230957,0.029392302652395435,0.13146507699566087,0.04581877875636801,0.016329463307231885,0.10172601639417092,0.041871156316948765,0.12000101318538293,0.06994750448634972,0.04459748212749568,0.03871950868386346,0.08542897010978474,0.06142055578952241,0.02011373818544441,0.023319309496143345,0.006773288303006415,0.03190938981981297,0.006057972366509009,0.005871988313680444,0.01228866679859613,0.04516828359838617,0.0,0.045296133023467994,0.050743571414181204,0.03300370598294024,0.0,0.0,0.0,0.0,0.040120708063332344,0.07683795231107196,0.0383704357540296,0.0,0.0,original
28,0.8918152469362063,0.543569279198874,0.8165981996397969,0.6347137843593004,0.28755074312279083,0.3005039284137807,0.28985219165438,0.2313624175210412,0.3190675206813826,0.11362530627903354,0.08600910638213613,0.014888782305992929,0.13876840140403293,0.11800091390432194,0.09593175297680365,0.05043729602063347,0.035762793682521665,0.07821112731987977,0.17796001722065807,0.1431089516275375,0.09357332166353512,0.0,0.07120978000851325,0.21614980075623272,0.11576556416028001,0.02721663352121559,0.01065091631236734,0.10679483489574666,0.028599326577169994,0.01866464917178693,0.07023278521925536,0.12189520633646625,0.03838407050565216,0.06036771336944378,0.15540027149964303,0.006821367798264194,0.028620805739719986,0.015878904130504086,0.0,0.07121961479530041,0.07977085307903468,0.0885186841008362,0.01876611758185867,0.04023215216391202,0.0541098968084839,0.013116833738528694,0.0081855944857204,0.008733108760804706,0.007125158749345694,0.03331841681266557,original
29,0.9444011495756002,0.569938025699331,0.6458533170666756,0.4131908017287234,0.19063102396303722,0.23526832621034827,0.13726613679765307,0.1460589758048286,0.11781795176284175,0.09663289046979492,0.08583466713234167,0.01913025415361267,0.008355159611809103,0.07731060039179746,0.040081428570391694,0.0704614026006186,0.046294031198381734,0.10071229994615084,0.04306701659639306,0.012862085675342548,0.04369612654128087,0.0,0.019881535856143162,0.1423959369784773,0.04670902712316823,0.04413574525664611,0.03687869946329701,0.05447738249943902,0.0,0.0,0.0,0.09619838288361571,0.012144419002620335,0.03244980917491898,0.02024918652952114,0.02243696166607275,0.012728679422142359,0.017823658216132424,0.005824709159228458,0.021200454393656323,0.005039562668687171,0.010099090008228775,0.018735365182276444,0.056388338214088576,0.00489389188226079,0.00532231758639322,0.0,0.0,0.0,0.019435066972324312,original
30,0.787262557317072,0.7872914439298663,0.7076315534185851,0.7037282806507855,0.29384643834235097,0.3788102911232622,0.44321891636677,0.010051295788588113,0.23662419255501427,0.1927625102436397,0.10666509612499882,0.28364927188730343,0.0038833814749711705,0.10725028226969799,0.10815994642315423,0.023732948792156146,0.09390140456933241,0.06728709181450643,0.15317973954263098,0.1598719381019024,0.0506531355244096,0.1670148888404076,0.012747668306418993,0.07673711247405249,0.18435491221358113,0.024214233966384665,0.02944624715754203,0.10290516807578733,0.2740791274960163,0.01613229106184417,0.05322027574229919,0.179854841775652,0.07231387542894087,0.026292441774016857,0.08531859506378503,0.04279268145097225,0.049908715915433034,0.1252211763891367,0.13775580866013884,0.016571014520594344,0.23211528660342703,0.08835859276229,0.08321571717548958,0.006791245136818977,0.024549627181515696,0.0690231135461975,0.0,0.1484020264224686,0.0702449657294161,0.0013908694242108144,original
31,0.7067527289947323,0.5804620150266674,0.33926716733321916,0.7633756880514754,0.276930770727109,0.33138892520768126,0.2158930593452645,0.27737442210441526,0.19058129423914616,0.09920911696630572,0.10985042055592546,0.28139593762500376,0.03980724799188463,0.2114219109932262,0.09050999936953208,0.11636101912333519,0.07488207302609873,0.05048132931408209,0.12526440916081405,0.06850969248521753,0.058029637018831945,0.055914622811749394,0.04428190849613164,0.15881888008259343,0.08369175065348987,0.003972706365654591,0.009401471350310643,0.033624122096506295,0.02887250678436811,0.030718787196650395,0.016006995062860564,0.031229087818441102,0.040350421561928744,0.032195791106060724,0.039432457562352634,0.0,0.00948604026836745,0.02497007032709806,0.06819513591978059,0.03927777380370465,0.019539393554151373,0.007981901174060028,0.0077086858326259585,0.0,0.09660008838558695,0.011867755572685768,0.00487746795391639,0.007599615868287588,0.0,0.024681343154057157,original
32,0.9526070960640121,0.6387263057749535,0.47307954354105886,0.3129607943364561,0.31350818709829525,0.27997287568353174,0.14921993941741996,0.0,0.06934066834666335,0.07027433459057701,0.16122483560095716,0.44315919129202913,0.27550233452582074,0.0,0.053737915610851276,0.0,0.09793374694765919,0.0,0.0,0.18929108314174214,0.04031676640143621,0.01006358294688935,0.0,0.0,0.026291031593660915,0.0,0.03582439155231969,0.011054684691813295,0.02393626002010452,0.0,0.0,0.0,0.0,0.0,0.09885188712244945,0.01368190007277444,0.0,0.0,0.0,0.0,0.0,0.0,0.0,0.012592456291845286,0.0,0.0,0.009547501296291516,0.0,0.0,0.0,original
33,0.6452164249289228,0.44138597952023173,0.3597351184329245,0.299860970289974,0.12188470216835859,0.14385163841395868,0.057215391384825,0.20080905558501322,0.22630623017805662,0.15342323356265447,0.19305704372398858,0.4167378574701809,0.24030016031939194,0.15391361588507338,0.06527192798874712,0.14340979554619546,0.09231204733611394,0.10561771241331407,0.17718514434414004,0.09803184620707951,0.09982273319701822,0.25026483934499116,0.07956074054511139,0.03798459304618738,0.11349020129771704,0.14715914567620758,0.06509700273154931,0.05448437147195973,0.08938376830203473,0.10615080124839613,0.035297899516284044,0.08748875731831796,0.06649250157769537,0.05684848193987182,0.023868027354014994,0.04609853099235914,0.05944378000522883,0.03176761632212801,0.031873623648772234,0.04573604488397593,0.022442304263264604,0.09588594676714955,0.06636115690009921,0.06555865670988062,0.0426333709440467,0.046802223100576204,0.07739333810385596,0.041479901088069315,0.07952017613249893,0.031846833807746756,original
34,0.7950103470509459,0.6255688895792045,0.5611901365930573,0.39397605779848965,0.2705024553442439,0.4093756609773203,0.04188030540494478,0.16241980227606345,0.030973646581089472,0.07915760868797132,0.04076898531980012,0.10923625720415966,0.10796062692928837,0.05504564369123121,0.06629696127860436,0.0,0.019304121213053728,0.0,0.0,0.0,0.0,0.020253468770989262,0.09000425230080727,0.0854130361465423,0.0,0.02923942826774687,0.012626705035621591,0.0,0.05159311983734928,0.0,0.0,0.005910319849658108,0.0,0.0,0.0,0.01712120501929326,0.0,0.03410463788778862,0.0,0.0,0.0,0.03853736325257696,0.0,0.0,0.027488533004566093,0.0,0.0,0.006262392896968393,0.0032102334136072715,0.0,original
35,0.7816946716775941,0.45606558398635744,0.4780973233964506,0.7455268985681723,0.17168373206749873,0.14092729199467902,0.07385657438150708,0.11725617637473464,0.29391414682547046,0.17474207417093,0.13179655672477947,0.12069993610211258,0.04036279684480202,0.07423771807918075,0.0461634463712725,0.002709759819520592,0.026887493928841044,0.009582066489420494,0.04097483461625635,0.030527764410183563,0.06094126529248263,0.17841836016742524,0.13468196036568636,0.04023650328826341,0.029827083743187374,0.10359518888254385,0.042058299257837675,0.017532471839735657,0.0225753794429558,0.020966876009364258,0.013636134499463725,0.013695263237078863,0.03056289833327827,0.021925521289623683,0.04918999933841508,0.03956762561881233,0.02181791413866127,0.0319186126405762,0.011492404374629301,0.0,0.01840016485138356,0.008031739134739839,0.019763606201075267,0.011936307216773478,0.0434594256750056,0.010907802575669949,0.010431641414630615,0.019060365633904636,0.016355232408067348,0.046944793116154425,original
36,1.0131172536971103,0.5027838493198009,0.8055233864314963,0.5197357391717417,0.3342402751077749,0.26594018874233244,0.11582960320657029,0.26695799145936916,0.06529354337915412,0.1552756893608907,0.13387977194416406,0.07838189874652732,0.16995935044334076,0.10282521661336089,0.05744431202511862,0.05399134053134591,0.041384759861509864,0.10238344200897938,0.031927824052063895,0.030972167907933116,0.031559809343687795,0.13248873324217686,0.022107775898789806,0.061116877271861686,0.06631230488057047,0.0,0.026821206661248206,0.01702477177216789,0.0,0.025298055450290603,0.09707454982500346,0.017785283694528094,0.0,0.027273378244978715,0.038489745185675425,0.04711699562329847,0.009634136929311223,0.025667567593690547,0.009902984530590993,0.06062025538111584,0.01585453729416695,0.03275392465020813,0.013710368495230224,0.13779573608794451,0.0061745017580042616,0.08122708691304942,0.0,0.0064985659779143255,0.05141270463349343,0.0,original
37,0.7979880967928339,0.6143668363249082,0.8254382792030044,0.4724983045348496,0.3690040153661505,0.24354695883869365,0.3802339078134585,0.004937170937190393,0.18352188422431673,0.04810681138788075,0.08164166492583881,0.04687310405215781,0.028691912226810043,0.024913195424039553,0.0,0.06701342228756442,0.056037308410101676,0.04127666817309544,0.07977149317708948,0.03594516711153749,0.08444872163653885,0.02584621136185647,0.03614264091341002,0.07535223770169423,0.0,0.04696857598613891,0.037045772362761964,0.030615000502552944,0.0,0.014732602520966906,0.035978560170025466,0.006625125935357671,0.0,0.020912213827239866,0.02918410056483697,0.0,0.018764393605770653,0.0,0.008921211103857636,0.02058847849634254,0.03580553722848892,0.04635556149915589,0.02145535063717411,0.008000755925382375,0.0,0.0,0.0,0.0,0.0,0.011007735149156959,original
38,0.9786214778612774,0.5526372664376901,0.7194509130985842,0.1807893577257959,0.29461635446160445,0.23602200420592992,0.034108231065291074,0.14687130246873423,0.058679648072094547,0.0921052168682796,0.1743154216597059,0.026437502640016874,0.23545952320643926,0.0981693869465277,0.0939371649350397,0.04660485584151407,0.034837331416151994,0.030715510018019195,0.16251060660323455,0.14264215618720413,0.10936032853478668,0.05525791294124884,0.07203944752261643,0.024799414677751458,0.0755449590047245,0.1734479206947827,0.013565395279578046,0.007389200833513116,0.0061220962619313105,0.034131577846459274,0.035276387035874296,0.05130008793140353,0.007000901019709693,0.06740614725477444,0.028993579171564986,0.008350625779520256,0.017229910983509678,0.0,0.0617604527787795,0.005341420352869632,0.02417652441245647,0.0,0.020773147477167547,0.09449386325407097,0.02021311654957099,0.03340948167220085,0.12517404505526838,0.0,0.0,0.01008439847948129,original
39,0.7839871065233166,0.5614561778513962,0.7130260342050938,0.4915561635984959,0.13919595779182592,0.17879257546927044,0.07733229668229875,0.20323721388402113,0.21938570901674315,0.11467931310246675,0.1987717771764278,0.08442539546171829,0.10428705345868375,0.2849517758149547,0.0824468413159939,0.09887480101659231,0.062484757848958024,0.03778149818492036,0.026185645580391128,0.058639843636555965,0.08589965275346055,0.16777598379687342,0.07007424961126973,0.030622456517560074,0.06033050297145216,0.044400457658065245,0.04356106289378822,0.0310734860046188,0.09501724596217186,0.0373160877199428,0.02310041987484998,0.01819109673744814,0.028570366191079843,0.026670648471383906,0.03159364266681898,0.061120449929765085,0.05940355733238319,0.04770093242823254,0.027905643424388088,0.04545840349164426,0.03256939808242348,0.050685300372205096,0.03294190007136153,0.032912201294710244,0.018230231110038287,0.10580130328822528,0.05485836092923863,0.04277955231736495,0.040605571909917974,0.016851869416843822,original
40,1.04837087549802,0.6060695850108337,0.6062575907657142,0.3380661394389983,0.3766292264193549,0.27464577577934723,0.0454116284790455,0.050779061851537854,0.05642274656295662,0.018508607035316878,0.07810205883693057,0.09902130458466057,0.0794678153794988,0.06997414986813173,0.07392218575471027,0.09243571653281038,0.005403768920094659,0.10837065363708072,0.013060675918931628,0.03713491592052967,0.05883519273371822,0.04293535436503184,0.04852546211296747,0.0,0.012701235302473168,0.006852672116305521,0.040579665224475814,0.006965304723516396,0.038367861522084046,0.024543907289927724,0.042046431855522315,0.005995205068881954,0.0,0.010046812821505123,0.014123495572748234,0.01203970528656816,0.017203011614978697,0.0,0.0,0.0,0.03542785969452461,0.0,0.0,0.08803275494589935,0.003733917932791771,0.0,0.0,0.0,0.0,0.0,original
41,0.8591643112033561,0.6305964144488159,0.3747283748101287,0.2738471276060411,0.2660277169423015,0.2720891414160501,0.13028820278466058,0.026296566605575434,0.08544512763007509,0.12550936769539436,0.11379531645402861,0.31026786220739316,0.14613805176975828,0.16666207575218991,0.14326757079833918,0.28373997951970364,0.0,0.04850018919049557,0.046017205607294234,0.16220822548896316,0.023196232296334277,0.09411775414537166,0.0,0.1311228284131557,0.0,0.012112138645417513,0.040526091097482286,0.04157444156966696,0.0025262174727492194,0.0,0.0,0.0,0.11193903898896793,0.0,0.0,0.13865591429378524,0.0,0.0,0.05089928059902144,0.0,0.0,0.061273928001117445,0.023821523157365014,0.09932744361814386,0.06372993606326699,0.06885406543725686,0.03336040115937814,0.007490792057734871,0.04147843356103814,0.0,original
42,0.8002662388467935,0.510618498837111,0.8225613763402768,0.30445358532482364,0.21297052813314427,0.25130503370688034,0.08783369329889906,0.11954719980449355,0.26046806657783217,0.16132017880595595,0.14116916983507694,0.1346559327749249,0.04837781605275288,0.08748165639700808,0.1695863716481656,0.09268706119722589,0.040920193966383814,0.14265585861736763,0.07134126288022202,0.008672301194864878,0.025899474789923917,0.1488170315898408,0.010024201346140748,0.007920921277284878,0.018825607966960284,0.022350442417647748,0.0,0.06556865081197974,0.03225445834379245,0.10452776307357835,0.06331111555315573,0.05251284496993633,0.07309435860571731,0.009468074465429051,0.05678349793062004,0.02336730214898604,0.03632796624001398,0.06422905380822437,0.016479060572858792,0.012005447791674388,0.008552526543123561,0.013619213320444124,0.006593426717091967,0.024460859623556982,0.01576384278036653,0.017143078525042942,0.01102672630854872,0.018491410846190114,0.007390969027146815,0.0,original
43,0.865985915872004,0.6800847599978678,0.6393112804637964,0.5767764279021919,0.020946096541102223,0.45516774829101025,0.31346040501786354,0.14210336043469596,0.07760506340128336,0.15869543634226713,0.05621932076665011,0.18789104678967686,0.11797925774395933,0.14993598858602852,0.10060233485310034,0.006196339745669983,0.0074065206906524,0.02155559425687958,0.18144124116404192,0.12009918197528079,0.09881180116411878,0.03915100852132096,0.041465310771898904,0.15506127101236328,0.04225109760722912,0.0,0.00841765475171243,0.024473133136766346,0.0,0.3008556546370538,0.0,0.03882019358425877,0.13837740940011858,0.0,0.0066403925426025325,0.1812360785333392,0.0,0.013581035877335928,0.0,0.0,0.0,0.032079943900300355,0.11826732002249395,0.04762074802670125,0.10518285340017737,0.0,0.0,0.0740221248635401,0.04024802665727201,0.0,original
44,0.8674085509061675,0.4942079329958067,0.29806975861652346,0.5631982793759144,0.15392330242289817,0.2257616367432546,0.22386058993745436,0.25797669608984525,0.11068150981867773,0.11064104888319372,0.08369232826934266,0.24961738140989842,0.005273576422968173,0.09798794254873208,0.04179550856577733,0.04020764426898715,0.023467492468056735,0.031259761616154375,0.09271543493173047,0.004389001220911415,0.024405507113022334,0.017375329533691412,0.04904327995083127,0.018148998144959336,0.005335004934202784,0.05533731200124905,0.014523370348575582,0.04944324060304837,0.0,0.03581666408992581,0.02345392976156879,0.06947029526950949,0.009303938667448261,0.029581078038419008,0.047828326036980326,0.005721964817722897,0.02065912295235535,0.036621318079576186,0.009501870101145025,0.05456760161978974,0.03819396478233811,0.03974665569053955,0.03617244872591416,0.016342435098429878,0.0,0.0047821831750478995,0.0,0.030744368306814554,0.0,0.0376267406778594,original
45,0.8303493086922527,0.6460854603842392,0.5274407873635111,0.4061699499720477,0.3350023763633447,0.31132780551312395,0.15074650200754391,0.12663228321455614,0.060624944248150285,0.2399355639422978,0.02762009320359988,0.15834539977314985,0.16091498950436253,0.17686471663103986,0.017933512476678994,0.1960523452129315,0.029815729186016316,0.07963616169851771,0.12701889950149559,0.22177425483874846,0.03952854278831972,0.0654393793890125,0.035591203353314074,0.014652734503263013,0.03339680171134771,0.0439924611549567,0.0,0.010979957431941094,0.010081765767203914,0.0,0.0,0.11128678148967724,0.008337487363280261,0.03006065001673843,0.0,0.05266814423191207,0.0,0.02693701442886106,0.011835248884153812,0.013608289203769951,0.0,0.012456522857574379,0.0022867070784253346,0.0,0.12509877626412197,0.035776924770968034,0.036146692894907434,0.04830314750175066,0.09668147716806665,0.0,original
46,1.0543220305700844,0.7173367697697836,0.8422944247785451,0.4354549757389471,0.29176625831468694,0.28775780402556994,0.03405108371660318,0.05622504120415048,0.10044233552356044,0.15683049038309263,0.04202982554842043,0.025756436554480008,0.010414728356051981,0.03298616704093316,0.10202347761014233,0.09437827649265237,0.07267293317163583,0.04529370982448044,0.028146163046673035,0.0,0.029721816430790273,0.007759185024009212,0.0651794967103662,0.09690447559485035,0.03543173033118727,0.01225462836340083,0.11855940214124061,0.022983080545633586,0.07980994801410655,0.04653458906804065,0.017575863927891094,0.03066185956569069,0.0,0.0059832348544179206,0.0,0.022908567916906944,0.022269447848377203,0.08127211831378547,0.031203415816280545,0.013482826332932081,0.0,0.012701702257342242,0.009912895738857652,0.0,0.027361195223251436,0.0558207320927132,0.0,0.0,0.0,0.0,original
47,0.7389541343270367,0.4800369235623831,0.4811868364973472,0.5216655983994081,0.2662444980466377,0.31188949250505754,0.17412398277536215,0.11859525706517245,0.26443624762794576,0.17024318215651602,0.15785287760832306,0.21216285020082112,0.09818105492546973,0.1228727688407138,0.1247360406372485,0.07759501721405301,0.1869782735259437,0.0369900374463169,0.15991348465986868,0.15906747981744107,0.04633445831233722,0.1253921701029519,0.04843491854928299,0.09385096001961461,0.041816001083710835,0.0572843959246776,0.04659639648837446,0.09652274109962398,0.06837469450486883,0.0408458451358401,0.050525824395385895,0.11389582779751742,0.049360399173294496,0.021169222289565522,0.06770792516041774,0.09212816772975042,0.026920404284545327,0.01957623680719563,0.0254433967853246,0.0958958874329699,0.016695798940670983,0.010746404182757392,0.0066829433514987565,0.003320959316894891,0.022766438950789766,0.016472440819348285,0.003726144844711907,0.04039918477842437,0.014398481476565804,0.022230401292241585,original
48,0.9707191890737861,0.4261488169344435,0.5578488378400032,0.5340199530167936,0.17453887739181295,0.28730235442234997,0.29647170643391313,0.292365182115593,0.2224401501321724,0.09622155778946104,0.10466862963449972,0.09860700530467462,0.18320579107162105,0.12936028045281345,0.08304653212376048,0.08779197585557004,0.04460824962669015,0.07499608977853509,0.02007786851896606,0.02716605514231561,0.02598843679330071,0.0868946809601361,0.13558741994041223,0.02798479450907823,0.17393820136135893,0.0930738229330506,0.012313410325177757,0.06237900560736739,0.055801166711697506,0.044110843072002706,0.0534100669467174,0.07823680442363468,0.02327466671465825,0.043465499928282726,0.051012633008141545,0.019999401069358925,0.013690223363618512,0.08885417748734635,0.03292069223438019,0.04663736930504883,0.018593222779058935,0.11433123954118601,0.005748709439879627,0.019042640833433204,0.010829237250749656,0.009287717526560373,0.03232644815917975,0.0025838881679864745,0.023107232499180008,0.013417852026228656,original
49,0.9241280802945268,0.4419634266003181,0.47375250695033183,0.27812811550420613,0.10316298702241693,0.165031424456942,0.115430083414533,0.2990834066588567,0.3025566567924837,0.23308207399357933,0.20067062540950634,0.267348539930736,0.3246774401331481,0.2932588475248286,0.07762910739120836,0.1779333369454412,0.1120348135744662,0.054739218969821785,0.10714564788239907,0.047063440507022054,0.06343975884115274,0.23925991174922326,0.17693900351031167,0.023684731663251045,0.01939733361799215,0.04254764139864066,0.14970995369318998,0.027461591597464422,0.14270047752336032,0.07410286023728972,0.038932283571467156,0.13873803504002316,0.055479931904232845,0.10990419975430944,0.03954379347688883,0.12288555359050365,0.07010556039011112,0.10561706820829704,0.05845560000316703,0.11586693647047104,0.019501895852004354,0.05043387624873298,0.09317923570352875,0.05770036469193175,0.03440043516300131,0.08313994541247226,0.046382996800945986,0.12038628119986887,0.0605684376203869,0.03885204845441557,original
